EIS_measurement_id,EIS_Frequency,EIS_Z_abs,EIS_Z_phase,Capacity,EFC,PowerPc,PowerPd,DynamicCapacityProfil1,DynamicCapacityProfil2,SOC,Checkup,Temperature,Cell_Name,HardwareRevision,HardwareSerial,SoftwareRevision,CalibrationDate,Periods,CurrentScalingFactor,FrequencyCount,ContinousMeasurementPeriod,DiscardFirstLeastCommonPeriods,MultiplexerChannel,BatteryName,Voltage,Temperature_Inspectrum,VoltageAmplitude,Clipped,CurrentAmplitude,CurrentAverage,Time
61,0.01,0.0024681495491967256,-0.5466717726398953,52.785,0.0,169.65,159.52,51.2107,45.4434,0.9,Initial,25.0,Cell 11,1.0,IE10522060002,1.6,2022/10/11,5,1,32,1,0,0,,3.33393,25.8807,0.00254426,0,0.953515,0.00212021,2023-10-29 08:02:52.000000
61,0.016,0.002061302875659955,-0.48903557899791206,52.785,0.0,169.65,159.52,51.2107,45.4434,0.9,Initial,25.0,Cell 11,1.0,IE10522060002,1.6,2022/10/11,5,1,32,1,0,0,,3.33393,25.8807,0.00254426,0,0.953515,0.00212021,2023-10-29 08:02:52.000001
61,0.862,0.001339981654047547,-0.08070660015775777,52.785,0.0,169.65,159.52,51.2107,45.4434,0.9,Initial,25.0,Cell 11,1.0,IE10522060002,1.6,2022/10/11,5,1,32,1,0,0,,3.33393,25.8807,0.00254426,0,0.953515,0.00212021,2023-10-29 08:02:52.0000010
61,1.346,0.0013179760034329154,-0.07981682569581679,52.785,0.0,169.65,159.52,51.2107,45.4434,0.9,Initial,25.0,Cell 11,1.0,IE10522060002,1.6,2022/10/11,5,1,32,1,0,0,,3.33393,25.8807,0.00254426,0,0.953515,0.00212021,2023-10-29 08:02:52.0000011
61,2.102,0.0012973329649029967,-0.0839877328149187,52.785,0.0,169.65,159.52,51.2107,45.4434,0.9,Initial,25.0,Cell 11,1.0,IE10522060002,1.6,2022/10/11,5,1,32,1,0,0,,3.33393,25.8807,0.00254426,0,0.953515,0.00212021,2023-10-29 08:02:52.0000012
61,3.282,0.0012745197990023536,-0.09377499808054653,52.785,0.0,169.65,159.52,51.2107,45.4434,0.9,Initial,25.0,Cell 11,1.0,IE10522060002,1.6,2022/10/11,5,1,32,1,0,0,,3.33393,25.8807,0.00254426,0,0.953515,0.00212021,2023-10-29 08:02:52.0000013
61,5.124,0.0012486934703124703,-0.11207054385691444,52.785,0.0,169.65,159.52,51.2107,45.4434,0.9,Initial,25.0,Cell 11,1.0,IE10522060002,1.6,2022/10/11,5,1,32,1,0,0,,3.33393,25.8807,0.00254426,0,0.953515,0.00212021,2023-10-29 08:02:52.0000014
61,8.002,0.0012142314605642535,-0.13744742576656133,52.785,0.0,169.65,159.52,51.2107,45.4434,0.9,Initial,25.0,Cell 11,1.0,IE10522060002,1.6,2022/10/11,5,1,32,1,0,0,,3.33393,25.8807,0.00254426,0,0.953515,0.00212021,2023-10-29 08:02:52.0000015
61,12.496,0.0011691962881124794,-0.17016195542943,52.785,0.0,169.65,159.52,51.2107,45.4434,0.9,Initial,25.0,Cell 11,1.0,IE10522060002,1.6,2022/10/11,5,1,32,1,0,0,,3.33393,25.8807,0.00254426,0,0.953515,0.00212021,2023-10-29 08:02:52.0000016
61,19.512,0.0011082622268529232,-0.20793273335185686,52.785,0.0,169.65,159.52,51.2107,45.4434,0.9,Initial,25.0,Cell 11,1.0,IE10522060002,1.6,2022/10/11,5,1,32,1,0,0,,3.33393,25.8807,0.00254426,0,0.953515,0.00212021,2023-10-29 08:02:52.0000017
61,30.47,0.0010302210541917691,-0.24530354405127947,52.785,0.0,169.65,159.52,51.2107,45.4434,0.9,Initial,25.0,Cell 11,1.0,IE10522060002,1.6,2022/10/11,5,1,32,1,0,0,,3.33393,25.8807,0.00254426,0,0.953515,0.00212021,2023-10-29 08:02:52.0000018
61,47.58,0.0009378138363513303,-0.27433034130726314,52.785,0.0,169.65,159.52,51.2107,45.4434,0.9,Initial,25.0,Cell 11,1.0,IE10522060002,1.6,2022/10/11,5,1,32,1,0,0,,3.33393,25.8807,0.00254426,0,0.953515,0.00212021,2023-10-29 08:02:52.0000019
61,0.024,0.0018476677587585923,-0.39452292296085645,52.785,0.0,169.65,159.52,51.2107,45.4434,0.9,Initial,25.0,Cell 11,1.0,IE10522060002,1.6,2022/10/11,5,1,32,1,0,0,,3.33393,25.8807,0.00254426,0,0.953515,0.00212021,2023-10-29 08:02:52.000002
61,74.296,0.0008309827512006491,-0.2778034315812552,52.785,0.0,169.65,159.52,51.2107,45.4434,0.9,Initial,25.0,Cell 11,1.0,IE10522060002,1.6,2022/10/11,5,1,32,1,0,0,,3.33393,25.8807,0.00254426,0,0.953515,0.00212021,2023-10-29 08:02:52.0000020
61,116.016,0.0007358265778082497,-0.2387578979194437,52.785,0.0,169.65,159.52,51.2107,45.4434,0.9,Initial,25.0,Cell 11,1.0,IE10522060002,1.6,2022/10/11,5,1,32,1,0,0,,3.33393,25.8807,0.00254426,0,0.953515,0.00212021,2023-10-29 08:02:52.0000021
61,181.16,0.0006567552718975007,-0.148315714078333,52.785,0.0,169.65,159.52,51.2107,45.4434,0.9,Initial,25.0,Cell 11,1.0,IE10522060002,1.6,2022/10/11,5,1,32,1,0,0,,3.33393,25.8807,0.00254426,0,0.953515,0.00212021,2023-10-29 08:02:52.0000022
61,282.886,0.0006060542051821622,-0.003725219959601901,52.785,0.0,169.65,159.52,51.2107,45.4434,0.9,Initial,25.0,Cell 11,1.0,IE10522060002,1.6,2022/10/11,5,1,32,1,0,0,,3.33393,25.8807,0.00254426,0,0.953515,0.00212021,2023-10-29 08:02:52.0000023
61,441.734,0.0005911360627004582,0.19591159050713353,52.785,0.0,169.65,159.52,51.2107,45.4434,0.9,Initial,25.0,Cell 11,1.0,IE10522060002,1.6,2022/10/11,5,1,32,1,0,0,,3.33393,25.8807,0.00254426,0,0.953515,0.00212021,2023-10-29 08:02:52.0000024
61,689.778,0.0006300564933440494,0.44219583191205114,52.785,0.0,169.65,159.52,51.2107,45.4434,0.9,Initial,25.0,Cell 11,1.0,IE10522060002,1.6,2022/10/11,5,1,32,1,0,0,,3.33393,25.8807,0.00254426,0,0.953515,0.00212021,2023-10-29 08:02:52.0000025
61,1077.11,0.000756206795280894,0.6941930830347524,52.785,0.0,169.65,159.52,51.2107,45.4434,0.9,Initial,25.0,Cell 11,1.0,IE10522060002,1.6,2022/10/11,5,1,32,1,0,0,,3.33393,25.8807,0.00254426,0,0.953515,0.00212021,2023-10-29 08:02:52.0000026
61,1681.92,0.0010072165567607595,0.9115557482380523,52.785,0.0,169.65,159.52,51.2107,45.4434,0.9,Initial,25.0,Cell 11,1.0,IE10522060002,1.6,2022/10/11,5,1,32,1,0,0,,3.33393,25.8807,0.00254426,0,0.953515,0.00212021,2023-10-29 08:02:52.0000027
61,2626.36,0.001460143000273946,1.0461015324531884,52.785,0.0,169.65,159.52,51.2107,45.4434,0.9,Initial,25.0,Cell 11,1.0,IE10522060002,1.6,2022/10/11,5,1,32,1,0,0,,3.33393,25.8807,0.00254426,0,0.953515,0.00212021,2023-10-29 08:02:52.0000028
61,4101.13,0.0021402308549546703,1.0831185806825236,52.785,0.0,169.65,159.52,51.2107,45.4434,0.9,Initial,25.0,Cell 11,1.0,IE10522060002,1.6,2022/10/11,5,1,32,1,0,0,,3.33393,25.8807,0.00254426,0,0.953515,0.00212021,2023-10-29 08:02:52.0000029
61,0.038,0.0016967214919393814,-0.3185506634269421,52.785,0.0,169.65,159.52,51.2107,45.4434,0.9,Initial,25.0,Cell 11,1.0,IE10522060002,1.6,2022/10/11,5,1,32,1,0,0,,3.33393,25.8807,0.00254426,0,0.953515,0.00212021,2023-10-29 08:02:52.000003
61,6404.0,0.0032452557563464857,1.104156959248424,52.785,0.0,169.65,159.52,51.2107,45.4434,0.9,Initial,25.0,Cell 11,1.0,IE10522060002,1.6,2022/10/11,5,1,32,1,0,0,,3.33393,25.8807,0.00254426,0,0.953515,0.00212021,2023-10-29 08:02:52.0000030
61,10000.0,0.023268674984622567,0.6581453538724596,52.785,0.0,169.65,159.52,51.2107,45.4434,0.9,Initial,25.0,Cell 11,1.0,IE10522060002,1.6,2022/10/11,5,1,32,1,0,0,,3.33393,25.8807,0.00254426,0,0.953515,0.00212021,2023-10-29 08:02:52.0000031
61,0.06,0.0015810180059888628,-0.24597487354542893,52.785,0.0,169.65,159.52,51.2107,45.4434,0.9,Initial,25.0,Cell 11,1.0,IE10522060002,1.6,2022/10/11,5,1,32,1,0,0,,3.33393,25.8807,0.00254426,0,0.953515,0.00212021,2023-10-29 08:02:52.000004
61,0.092,0.0015021676026625657,-0.19382159738449542,52.785,0.0,169.65,159.52,51.2107,45.4434,0.9,Initial,25.0,Cell 11,1.0,IE10522060002,1.6,2022/10/11,5,1,32,1,0,0,,3.33393,25.8807,0.00254426,0,0.953515,0.00212021,2023-10-29 08:02:52.000005
61,0.144,0.001455271532335117,-0.15404031411385702,52.785,0.0,169.65,159.52,51.2107,45.4434,0.9,Initial,25.0,Cell 11,1.0,IE10522060002,1.6,2022/10/11,5,1,32,1,0,0,,3.33393,25.8807,0.00254426,0,0.953515,0.00212021,2023-10-29 08:02:52.000006
61,0.226,0.0014184907365915368,-0.12742611421211353,52.785,0.0,169.65,159.52,51.2107,45.4434,0.9,Initial,25.0,Cell 11,1.0,IE10522060002,1.6,2022/10/11,5,1,32,1,0,0,,3.33393,25.8807,0.00254426,0,0.953515,0.00212021,2023-10-29 08:02:52.000007
61,0.354,0.001386669882229004,-0.10001667551609285,52.785,0.0,169.65,159.52,51.2107,45.4434,0.9,Initial,25.0,Cell 11,1.0,IE10522060002,1.6,2022/10/11,5,1,32,1,0,0,,3.33393,25.8807,0.00254426,0,0.953515,0.00212021,2023-10-29 08:02:52.000008
61,0.552,0.0013627083063796153,-0.08837747084984023,52.785,0.0,169.65,159.52,51.2107,45.4434,0.9,Initial,25.0,Cell 11,1.0,IE10522060002,1.6,2022/10/11,5,1,32,1,0,0,,3.33393,25.8807,0.00254426,0,0.953515,0.00212021,2023-10-29 08:02:52.000009
46,0.01,0.0026958277885651373,-0.4658174651185346,52.785,0.0,169.65,159.52,51.2107,45.4434,0.5,Initial,25.0,Cell 11,1.0,IE10522060002,1.6,2022/10/11,5,3.37141,32,1,0,0,,3.29544,26.2488,0.00898006,0,3.1683,0.00319151,2023-10-30 19:09:07.000000
46,0.016,0.0023298234531021872,-0.42316353324980494,52.785,0.0,169.65,159.52,51.2107,45.4434,0.5,Initial,25.0,Cell 11,1.0,IE10522060002,1.6,2022/10/11,5,3.37141,32,1,0,0,,3.29544,26.2488,0.00898006,0,3.1683,0.00319151,2023-10-30 19:09:07.000001
46,0.862,0.0014348290649847458,-0.09767556575505751,52.785,0.0,169.65,159.52,51.2107,45.4434,0.5,Initial,25.0,Cell 11,1.0,IE10522060002,1.6,2022/10/11,5,3.37141,32,1,0,0,,3.29544,26.2488,0.00898006,0,3.1683,0.00319151,2023-10-30 19:09:07.0000010
46,1.346,0.001405276737587298,-0.0958231036715556,52.785,0.0,169.65,159.52,51.2107,45.4434,0.5,Initial,25.0,Cell 11,1.0,IE10522060002,1.6,2022/10/11,5,3.37141,32,1,0,0,,3.29544,26.2488,0.00898006,0,3.1683,0.00319151,2023-10-30 19:09:07.0000011
46,2.102,0.001377997525144367,-0.10016906035765792,52.785,0.0,169.65,159.52,51.2107,45.4434,0.5,Initial,25.0,Cell 11,1.0,IE10522060002,1.6,2022/10/11,5,3.37141,32,1,0,0,,3.29544,26.2488,0.00898006,0,3.1683,0.00319151,2023-10-30 19:09:07.0000012
46,3.282,0.0013484636109102092,-0.1115004872061111,52.785,0.0,169.65,159.52,51.2107,45.4434,0.5,Initial,25.0,Cell 11,1.0,IE10522060002,1.6,2022/10/11,5,3.37141,32,1,0,0,,3.29544,26.2488,0.00898006,0,3.1683,0.00319151,2023-10-30 19:09:07.0000013
46,5.124,0.0013144985747687216,-0.13033229359818005,52.785,0.0,169.65,159.52,51.2107,45.4434,0.5,Initial,25.0,Cell 11,1.0,IE10522060002,1.6,2022/10/11,5,3.37141,32,1,0,0,,3.29544,26.2488,0.00898006,0,3.1683,0.00319151,2023-10-30 19:09:07.0000014
46,8.002,0.0012723234853483606,-0.15787684139543257,52.785,0.0,169.65,159.52,51.2107,45.4434,0.5,Initial,25.0,Cell 11,1.0,IE10522060002,1.6,2022/10/11,5,3.37141,32,1,0,0,,3.29544,26.2488,0.00898006,0,3.1683,0.00319151,2023-10-30 19:09:07.0000015
46,12.496,0.0012174025595541517,-0.19291149591205128,52.785,0.0,169.65,159.52,51.2107,45.4434,0.5,Initial,25.0,Cell 11,1.0,IE10522060002,1.6,2022/10/11,5,3.37141,32,1,0,0,,3.29544,26.2488,0.00898006,0,3.1683,0.00319151,2023-10-30 19:09:07.0000016
46,19.512,0.0011458085841121108,-0.23272254595516503,52.785,0.0,169.65,159.52,51.2107,45.4434,0.5,Initial,25.0,Cell 11,1.0,IE10522060002,1.6,2022/10/11,5,3.37141,32,1,0,0,,3.29544,26.2488,0.00898006,0,3.1683,0.00319151,2023-10-30 19:09:07.0000017
46,30.47,0.0010567559531415001,-0.27074626103404054,52.785,0.0,169.65,159.52,51.2107,45.4434,0.5,Initial,25.0,Cell 11,1.0,IE10522060002,1.6,2022/10/11,5,3.37141,32,1,0,0,,3.29544,26.2488,0.00898006,0,3.1683,0.00319151,2023-10-30 19:09:07.0000018
46,47.58,0.0009527788981232739,-0.29838495844914587,52.785,0.0,169.65,159.52,51.2107,45.4434,0.5,Initial,25.0,Cell 11,1.0,IE10522060002,1.6,2022/10/11,5,3.37141,32,1,0,0,,3.29544,26.2488,0.00898006,0,3.1683,0.00319151,2023-10-30 19:09:07.0000019
46,0.024,0.0020908643600348635,-0.3663189582540399,52.785,0.0,169.65,159.52,51.2107,45.4434,0.5,Initial,25.0,Cell 11,1.0,IE10522060002,1.6,2022/10/11,5,3.37141,32,1,0,0,,3.29544,26.2488,0.00898006,0,3.1683,0.00319151,2023-10-30 19:09:07.000002
46,74.296,0.0008405001711011128,-0.3001870827869802,52.785,0.0,169.65,159.52,51.2107,45.4434,0.5,Initial,25.0,Cell 11,1.0,IE10522060002,1.6,2022/10/11,5,3.37141,32,1,0,0,,3.29544,26.2488,0.00898006,0,3.1683,0.00319151,2023-10-30 19:09:07.0000020
46,116.016,0.0007351399854952798,-0.25693945132780166,52.785,0.0,169.65,159.52,51.2107,45.4434,0.5,Initial,25.0,Cell 11,1.0,IE10522060002,1.6,2022/10/11,5,3.37141,32,1,0,0,,3.29544,26.2488,0.00898006,0,3.1683,0.00319151,2023-10-30 19:09:07.0000021
46,181.16,0.0006521153130060664,-0.16062470775549634,52.785,0.0,169.65,159.52,51.2107,45.4434,0.5,Initial,25.0,Cell 11,1.0,IE10522060002,1.6,2022/10/11,5,3.37141,32,1,0,0,,3.29544,26.2488,0.00898006,0,3.1683,0.00319151,2023-10-30 19:09:07.0000022
46,282.886,0.0005998271689168973,-0.008597565766111568,52.785,0.0,169.65,159.52,51.2107,45.4434,0.5,Initial,25.0,Cell 11,1.0,IE10522060002,1.6,2022/10/11,5,3.37141,32,1,0,0,,3.29544,26.2488,0.00898006,0,3.1683,0.00319151,2023-10-30 19:09:07.0000023
46,441.734,0.000585853226619091,0.1988209386789849,52.785,0.0,169.65,159.52,51.2107,45.4434,0.5,Initial,25.0,Cell 11,1.0,IE10522060002,1.6,2022/10/11,5,3.37141,32,1,0,0,,3.29544,26.2488,0.00898006,0,3.1683,0.00319151,2023-10-30 19:09:07.0000024
46,689.778,0.0006276312514725505,0.45078230920324464,52.785,0.0,169.65,159.52,51.2107,45.4434,0.5,Initial,25.0,Cell 11,1.0,IE10522060002,1.6,2022/10/11,5,3.37141,32,1,0,0,,3.29544,26.2488,0.00898006,0,3.1683,0.00319151,2023-10-30 19:09:07.0000025
46,1077.11,0.0007583372593694708,0.7038401729330303,52.785,0.0,169.65,159.52,51.2107,45.4434,0.5,Initial,25.0,Cell 11,1.0,IE10522060002,1.6,2022/10/11,5,3.37141,32,1,0,0,,3.29544,26.2488,0.00898006,0,3.1683,0.00319151,2023-10-30 19:09:07.0000026
46,1681.92,0.0010148524205272412,0.9187076569523355,52.785,0.0,169.65,159.52,51.2107,45.4434,0.5,Initial,25.0,Cell 11,1.0,IE10522060002,1.6,2022/10/11,5,3.37141,32,1,0,0,,3.29544,26.2488,0.00898006,0,3.1683,0.00319151,2023-10-30 19:09:07.0000027
46,2626.36,0.00147397503174545,1.0500815750980135,52.785,0.0,169.65,159.52,51.2107,45.4434,0.5,Initial,25.0,Cell 11,1.0,IE10522060002,1.6,2022/10/11,5,3.37141,32,1,0,0,,3.29544,26.2488,0.00898006,0,3.1683,0.00319151,2023-10-30 19:09:07.0000028
46,4101.13,0.002159987220425158,1.0843221436605246,52.785,0.0,169.65,159.52,51.2107,45.4434,0.5,Initial,25.0,Cell 11,1.0,IE10522060002,1.6,2022/10/11,5,3.37141,32,1,0,0,,3.29544,26.2488,0.00898006,0,3.1683,0.00319151,2023-10-30 19:09:07.0000029
46,0.038,0.0019046839367729753,-0.3114671976841456,52.785,0.0,169.65,159.52,51.2107,45.4434,0.5,Initial,25.0,Cell 11,1.0,IE10522060002,1.6,2022/10/11,5,3.37141,32,1,0,0,,3.29544,26.2488,0.00898006,0,3.1683,0.00319151,2023-10-30 19:09:07.000003
46,6404.0,0.0032763003219637844,1.1038345020904718,52.785,0.0,169.65,159.52,51.2107,45.4434,0.5,Initial,25.0,Cell 11,1.0,IE10522060002,1.6,2022/10/11,5,3.37141,32,1,0,0,,3.29544,26.2488,0.00898006,0,3.1683,0.00319151,2023-10-30 19:09:07.0000030
46,10000.0,0.010143288274208715,0.8371508959561905,52.785,0.0,169.65,159.52,51.2107,45.4434,0.5,Initial,25.0,Cell 11,1.0,IE10522060002,1.6,2022/10/11,5,3.37141,32,1,0,0,,3.29544,26.2488,0.00898006,0,3.1683,0.00319151,2023-10-30 19:09:07.0000031
46,0.06,0.001756215918053643,-0.2521986595462877,52.785,0.0,169.65,159.52,51.2107,45.4434,0.5,Initial,25.0,Cell 11,1.0,IE10522060002,1.6,2022/10/11,5,3.37141,32,1,0,0,,3.29544,26.2488,0.00898006,0,3.1683,0.00319151,2023-10-30 19:09:07.000004
46,0.092,0.001666073826763088,-0.20945716643538237,52.785,0.0,169.65,159.52,51.2107,45.4434,0.5,Initial,25.0,Cell 11,1.0,IE10522060002,1.6,2022/10/11,5,3.37141,32,1,0,0,,3.29544,26.2488,0.00898006,0,3.1683,0.00319151,2023-10-30 19:09:07.000005
46,0.144,0.0015978812104358697,-0.16835480436932773,52.785,0.0,169.65,159.52,51.2107,45.4434,0.5,Initial,25.0,Cell 11,1.0,IE10522060002,1.6,2022/10/11,5,3.37141,32,1,0,0,,3.29544,26.2488,0.00898006,0,3.1683,0.00319151,2023-10-30 19:09:07.000006
46,0.226,0.0015438351681280615,-0.1408343573056569,52.785,0.0,169.65,159.52,51.2107,45.4434,0.5,Initial,25.0,Cell 11,1.0,IE10522060002,1.6,2022/10/11,5,3.37141,32,1,0,0,,3.29544,26.2488,0.00898006,0,3.1683,0.00319151,2023-10-30 19:09:07.000007
46,0.354,0.0015001498627883816,-0.11894709791281648,52.785,0.0,169.65,159.52,51.2107,45.4434,0.5,Initial,25.0,Cell 11,1.0,IE10522060002,1.6,2022/10/11,5,3.37141,32,1,0,0,,3.29544,26.2488,0.00898006,0,3.1683,0.00319151,2023-10-30 19:09:07.000008
46,0.552,0.0014651690924135687,-0.10499847338437421,52.785,0.0,169.65,159.52,51.2107,45.4434,0.5,Initial,25.0,Cell 11,1.0,IE10522060002,1.6,2022/10/11,5,3.37141,32,1,0,0,,3.29544,26.2488,0.00898006,0,3.1683,0.00319151,2023-10-30 19:09:07.000009
31,0.01,0.0031151632344068266,-0.4766272551498589,52.785,0.0,169.65,159.52,51.2107,45.4434,0.1,Initial,25.0,Cell 11,1.0,IE10522060002,1.6,2022/10/11,5,1.04286,32,1,0,0,,3.21697,26.1568,0.00281242,0,0.996389,0.00210558,2023-10-31 16:51:03.000000
31,0.016,0.002685591203031467,-0.4387947737986442,52.785,0.0,169.65,159.52,51.2107,45.4434,0.1,Initial,25.0,Cell 11,1.0,IE10522060002,1.6,2022/10/11,5,1.04286,32,1,0,0,,3.21697,26.1568,0.00281242,0,0.996389,0.00210558,2023-10-31 16:51:03.000001
31,0.862,0.001514671943235234,-0.13421506247357534,52.785,0.0,169.65,159.52,51.2107,45.4434,0.1,Initial,25.0,Cell 11,1.0,IE10522060002,1.6,2022/10/11,5,1.04286,32,1,0,0,,3.21697,26.1568,0.00281242,0,0.996389,0.00210558,2023-10-31 16:51:03.0000010
31,1.346,0.001467831402253338,-0.12769722509747114,52.785,0.0,169.65,159.52,51.2107,45.4434,0.1,Initial,25.0,Cell 11,1.0,IE10522060002,1.6,2022/10/11,5,1.04286,32,1,0,0,,3.21697,26.1568,0.00281242,0,0.996389,0.00210558,2023-10-31 16:51:03.0000011
31,2.102,0.0014273902442275552,-0.12580251132690323,52.785,0.0,169.65,159.52,51.2107,45.4434,0.1,Initial,25.0,Cell 11,1.0,IE10522060002,1.6,2022/10/11,5,1.04286,32,1,0,0,,3.21697,26.1568,0.00281242,0,0.996389,0.00210558,2023-10-31 16:51:03.0000012
31,3.282,0.0013885246408126867,-0.13137126479442804,52.785,0.0,169.65,159.52,51.2107,45.4434,0.1,Initial,25.0,Cell 11,1.0,IE10522060002,1.6,2022/10/11,5,1.04286,32,1,0,0,,3.21697,26.1568,0.00281242,0,0.996389,0.00210558,2023-10-31 16:51:03.0000013
31,5.124,0.0013492836577591828,-0.1457885308972278,52.785,0.0,169.65,159.52,51.2107,45.4434,0.1,Initial,25.0,Cell 11,1.0,IE10522060002,1.6,2022/10/11,5,1.04286,32,1,0,0,,3.21697,26.1568,0.00281242,0,0.996389,0.00210558,2023-10-31 16:51:03.0000014
31,8.002,0.0013035132275987843,-0.17032970701199854,52.785,0.0,169.65,159.52,51.2107,45.4434,0.1,Initial,25.0,Cell 11,1.0,IE10522060002,1.6,2022/10/11,5,1.04286,32,1,0,0,,3.21697,26.1568,0.00281242,0,0.996389,0.00210558,2023-10-31 16:51:03.0000015
31,12.496,0.0012448967285799255,-0.2049203411284388,52.785,0.0,169.65,159.52,51.2107,45.4434,0.1,Initial,25.0,Cell 11,1.0,IE10522060002,1.6,2022/10/11,5,1.04286,32,1,0,0,,3.21697,26.1568,0.00281242,0,0.996389,0.00210558,2023-10-31 16:51:03.0000016
31,19.512,0.001168798101841802,-0.2464233383074575,52.785,0.0,169.65,159.52,51.2107,45.4434,0.1,Initial,25.0,Cell 11,1.0,IE10522060002,1.6,2022/10/11,5,1.04286,32,1,0,0,,3.21697,26.1568,0.00281242,0,0.996389,0.00210558,2023-10-31 16:51:03.0000017
31,30.47,0.001073370513902818,-0.28540570625370737,52.785,0.0,169.65,159.52,51.2107,45.4434,0.1,Initial,25.0,Cell 11,1.0,IE10522060002,1.6,2022/10/11,5,1.04286,32,1,0,0,,3.21697,26.1568,0.00281242,0,0.996389,0.00210558,2023-10-31 16:51:03.0000018
31,47.58,0.0009630232793473894,-0.313565845636995,52.785,0.0,169.65,159.52,51.2107,45.4434,0.1,Initial,25.0,Cell 11,1.0,IE10522060002,1.6,2022/10/11,5,1.04286,32,1,0,0,,3.21697,26.1568,0.00281242,0,0.996389,0.00210558,2023-10-31 16:51:03.0000019
31,0.024,0.0024128032191299813,-0.37879703942720633,52.785,0.0,169.65,159.52,51.2107,45.4434,0.1,Initial,25.0,Cell 11,1.0,IE10522060002,1.6,2022/10/11,5,1.04286,32,1,0,0,,3.21697,26.1568,0.00281242,0,0.996389,0.00210558,2023-10-31 16:51:03.000002
31,74.296,0.0008443590685395639,-0.31511292111929284,52.785,0.0,169.65,159.52,51.2107,45.4434,0.1,Initial,25.0,Cell 11,1.0,IE10522060002,1.6,2022/10/11,5,1.04286,32,1,0,0,,3.21697,26.1568,0.00281242,0,0.996389,0.00210558,2023-10-31 16:51:03.0000020
31,116.016,0.0007351056491015424,-0.26897006435912346,52.785,0.0,169.65,159.52,51.2107,45.4434,0.1,Initial,25.0,Cell 11,1.0,IE10522060002,1.6,2022/10/11,5,1.04286,32,1,0,0,,3.21697,26.1568,0.00281242,0,0.996389,0.00210558,2023-10-31 16:51:03.0000021
31,181.16,0.0006488691811836959,-0.16965879498407996,52.785,0.0,169.65,159.52,51.2107,45.4434,0.1,Initial,25.0,Cell 11,1.0,IE10522060002,1.6,2022/10/11,5,1.04286,32,1,0,0,,3.21697,26.1568,0.00281242,0,0.996389,0.00210558,2023-10-31 16:51:03.0000022
31,282.886,0.0005954807828859582,-0.012668354705534703,52.785,0.0,169.65,159.52,51.2107,45.4434,0.1,Initial,25.0,Cell 11,1.0,IE10522060002,1.6,2022/10/11,5,1.04286,32,1,0,0,,3.21697,26.1568,0.00281242,0,0.996389,0.00210558,2023-10-31 16:51:03.0000023
31,441.734,0.0005813142097557912,0.20029961764825444,52.785,0.0,169.65,159.52,51.2107,45.4434,0.1,Initial,25.0,Cell 11,1.0,IE10522060002,1.6,2022/10/11,5,1.04286,32,1,0,0,,3.21697,26.1568,0.00281242,0,0.996389,0.00210558,2023-10-31 16:51:03.0000024
31,689.778,0.0006248931634207563,0.4562153690297975,52.785,0.0,169.65,159.52,51.2107,45.4434,0.1,Initial,25.0,Cell 11,1.0,IE10522060002,1.6,2022/10/11,5,1.04286,32,1,0,0,,3.21697,26.1568,0.00281242,0,0.996389,0.00210558,2023-10-31 16:51:03.0000025
31,1077.11,0.00075821036825211,0.7102485082336653,52.785,0.0,169.65,159.52,51.2107,45.4434,0.1,Initial,25.0,Cell 11,1.0,IE10522060002,1.6,2022/10/11,5,1.04286,32,1,0,0,,3.21697,26.1568,0.00281242,0,0.996389,0.00210558,2023-10-31 16:51:03.0000026
31,1681.92,0.0010172622855119519,0.9235105409857234,52.785,0.0,169.65,159.52,51.2107,45.4434,0.1,Initial,25.0,Cell 11,1.0,IE10522060002,1.6,2022/10/11,5,1.04286,32,1,0,0,,3.21697,26.1568,0.00281242,0,0.996389,0.00210558,2023-10-31 16:51:03.0000027
31,2626.36,0.001479352573268455,1.0537280343333424,52.785,0.0,169.65,159.52,51.2107,45.4434,0.1,Initial,25.0,Cell 11,1.0,IE10522060002,1.6,2022/10/11,5,1.04286,32,1,0,0,,3.21697,26.1568,0.00281242,0,0.996389,0.00210558,2023-10-31 16:51:03.0000028
31,4101.13,0.0021699051502312265,1.0880443114114247,52.785,0.0,169.65,159.52,51.2107,45.4434,0.1,Initial,25.0,Cell 11,1.0,IE10522060002,1.6,2022/10/11,5,1.04286,32,1,0,0,,3.21697,26.1568,0.00281242,0,0.996389,0.00210558,2023-10-31 16:51:03.0000029
31,0.038,0.0021978815932019633,-0.337553668538989,52.785,0.0,169.65,159.52,51.2107,45.4434,0.1,Initial,25.0,Cell 11,1.0,IE10522060002,1.6,2022/10/11,5,1.04286,32,1,0,0,,3.21697,26.1568,0.00281242,0,0.996389,0.00210558,2023-10-31 16:51:03.000003
31,6404.0,0.0032928785927361483,1.1074678768331103,52.785,0.0,169.65,159.52,51.2107,45.4434,0.1,Initial,25.0,Cell 11,1.0,IE10522060002,1.6,2022/10/11,5,1.04286,32,1,0,0,,3.21697,26.1568,0.00281242,0,0.996389,0.00210558,2023-10-31 16:51:03.0000030
31,10000.0,0.019282423586779746,0.6929434609821568,52.785,0.0,169.65,159.52,51.2107,45.4434,0.1,Initial,25.0,Cell 11,1.0,IE10522060002,1.6,2022/10/11,5,1.04286,32,1,0,0,,3.21697,26.1568,0.00281242,0,0.996389,0.00210558,2023-10-31 16:51:03.0000031
31,0.06,0.002021064575659076,-0.28172276371844684,52.785,0.0,169.65,159.52,51.2107,45.4434,0.1,Initial,25.0,Cell 11,1.0,IE10522060002,1.6,2022/10/11,5,1.04286,32,1,0,0,,3.21697,26.1568,0.00281242,0,0.996389,0.00210558,2023-10-31 16:51:03.000004
31,0.092,0.0018921928226700367,-0.24679518876165607,52.785,0.0,169.65,159.52,51.2107,45.4434,0.1,Initial,25.0,Cell 11,1.0,IE10522060002,1.6,2022/10/11,5,1.04286,32,1,0,0,,3.21697,26.1568,0.00281242,0,0.996389,0.00210558,2023-10-31 16:51:03.000005
31,0.144,0.0017871299240693162,-0.21263656889325186,52.785,0.0,169.65,159.52,51.2107,45.4434,0.1,Initial,25.0,Cell 11,1.0,IE10522060002,1.6,2022/10/11,5,1.04286,32,1,0,0,,3.21697,26.1568,0.00281242,0,0.996389,0.00210558,2023-10-31 16:51:03.000006
31,0.226,0.0016996797242919033,-0.18575591882488476,52.785,0.0,169.65,159.52,51.2107,45.4434,0.1,Initial,25.0,Cell 11,1.0,IE10522060002,1.6,2022/10/11,5,1.04286,32,1,0,0,,3.21697,26.1568,0.00281242,0,0.996389,0.00210558,2023-10-31 16:51:03.000007
31,0.354,0.0016289441383595693,-0.16148857216916587,52.785,0.0,169.65,159.52,51.2107,45.4434,0.1,Initial,25.0,Cell 11,1.0,IE10522060002,1.6,2022/10/11,5,1.04286,32,1,0,0,,3.21697,26.1568,0.00281242,0,0.996389,0.00210558,2023-10-31 16:51:03.000008
31,0.552,0.0015656891724173732,-0.1454355559169676,52.785,0.0,169.65,159.52,51.2107,45.4434,0.1,Initial,25.0,Cell 11,1.0,IE10522060002,1.6,2022/10/11,5,1.04286,32,1,0,0,,3.21697,26.1568,0.00281242,0,0.996389,0.00210558,2023-10-31 16:51:03.000009
106,0.01,0.001397186935325406,-0.576641062274215,52.785,0.0,169.65,159.52,51.2107,45.4434,0.9,Initial,45.0,Cell 11,1.0,IE10522060009,1.6,2022/11/02,5,3.25227,32,10,0,0,,3.33363,,0.00945603,0,3.13811,0.00373858,2023-11-06 17:48:19.000000
106,0.016,0.0011626142233475386,-0.5374639621518437,52.785,0.0,169.65,159.52,51.2107,45.4434,0.9,Initial,45.0,Cell 11,1.0,IE10522060009,1.6,2022/11/02,5,3.25227,32,10,0,0,,3.33363,,0.00945603,0,3.13811,0.00373858,2023-11-06 17:48:19.000001
106,0.862,0.000679329978168077,-0.07201872926628844,52.785,0.0,169.65,159.52,51.2107,45.4434,0.9,Initial,45.0,Cell 11,1.0,IE10522060009,1.6,2022/11/02,5,3.25227,32,10,0,0,,3.33363,,0.00945603,0,3.13811,0.00373858,2023-11-06 17:48:19.0000010
106,1.346,0.0006686757791178099,-0.061100338431458984,52.785,0.0,169.65,159.52,51.2107,45.4434,0.9,Initial,45.0,Cell 11,1.0,IE10522060009,1.6,2022/11/02,5,3.25227,32,10,0,0,,3.33363,,0.00945603,0,3.13811,0.00373858,2023-11-06 17:48:19.0000011
106,2.102,0.0006605000500666143,-0.05229786729423192,52.785,0.0,169.65,159.52,51.2107,45.4434,0.9,Initial,45.0,Cell 11,1.0,IE10522060009,1.6,2022/11/02,5,3.25227,32,10,0,0,,3.33363,,0.00945603,0,3.13811,0.00373858,2023-11-06 17:48:19.0000012
106,3.282,0.0006531888778532897,-0.04705092085142077,52.785,0.0,169.65,159.52,51.2107,45.4434,0.9,Initial,45.0,Cell 11,1.0,IE10522060009,1.6,2022/11/02,5,3.25227,32,10,0,0,,3.33363,,0.00945603,0,3.13811,0.00373858,2023-11-06 17:48:19.0000013
106,5.124,0.0006463878845113358,-0.04301406891561536,52.785,0.0,169.65,159.52,51.2107,45.4434,0.9,Initial,45.0,Cell 11,1.0,IE10522060009,1.6,2022/11/02,5,3.25227,32,10,0,0,,3.33363,,0.00945603,0,3.13811,0.00373858,2023-11-06 17:48:19.0000014
106,8.002,0.0006397174849056106,-0.04076584298355799,52.785,0.0,169.65,159.52,51.2107,45.4434,0.9,Initial,45.0,Cell 11,1.0,IE10522060009,1.6,2022/11/02,5,3.25227,32,10,0,0,,3.33363,,0.00945603,0,3.13811,0.00373858,2023-11-06 17:48:19.0000015
106,12.496,0.0006330603789126358,-0.039722455188995726,52.785,0.0,169.65,159.52,51.2107,45.4434,0.9,Initial,45.0,Cell 11,1.0,IE10522060009,1.6,2022/11/02,5,3.25227,32,10,0,0,,3.33363,,0.00945603,0,3.13811,0.00373858,2023-11-06 17:48:19.0000016
106,19.512,0.0006256146031502861,-0.039686121007812374,52.785,0.0,169.65,159.52,51.2107,45.4434,0.9,Initial,45.0,Cell 11,1.0,IE10522060009,1.6,2022/11/02,5,3.25227,32,10,0,0,,3.33363,,0.00945603,0,3.13811,0.00373858,2023-11-06 17:48:19.0000017
106,30.47,0.0006167451385874395,-0.04015411368702936,52.785,0.0,169.65,159.52,51.2107,45.4434,0.9,Initial,45.0,Cell 11,1.0,IE10522060009,1.6,2022/11/02,5,3.25227,32,10,0,0,,3.33363,,0.00945603,0,3.13811,0.00373858,2023-11-06 17:48:19.0000018
106,47.58,0.0006041193780273978,-0.039631847652705304,52.785,0.0,169.65,159.52,51.2107,45.4434,0.9,Initial,45.0,Cell 11,1.0,IE10522060009,1.6,2022/11/02,5,3.25227,32,10,0,0,,3.33363,,0.00945603,0,3.13811,0.00373858,2023-11-06 17:48:19.0000019
106,0.024,0.001003808643884879,-0.4451651841373051,52.785,0.0,169.65,159.52,51.2107,45.4434,0.9,Initial,45.0,Cell 11,1.0,IE10522060009,1.6,2022/11/02,5,3.25227,32,10,0,0,,3.33363,,0.00945603,0,3.13811,0.00373858,2023-11-06 17:48:19.000002
106,74.296,0.0005840168949534251,-0.027254640492413267,52.785,0.0,169.65,159.52,51.2107,45.4434,0.9,Initial,45.0,Cell 11,1.0,IE10522060009,1.6,2022/11/02,5,3.25227,32,10,0,0,,3.33363,,0.00945603,0,3.13811,0.00373858,2023-11-06 17:48:19.0000020
106,116.016,0.0005619654184711925,0.013261969897806572,52.785,0.0,169.65,159.52,51.2107,45.4434,0.9,Initial,45.0,Cell 11,1.0,IE10522060009,1.6,2022/11/02,5,3.25227,32,10,0,0,,3.33363,,0.00945603,0,3.13811,0.00373858,2023-11-06 17:48:19.0000021
106,181.16,0.0005445205821309603,0.08962657152251566,52.785,0.0,169.65,159.52,51.2107,45.4434,0.9,Initial,45.0,Cell 11,1.0,IE10522060009,1.6,2022/11/02,5,3.25227,32,10,0,0,,3.33363,,0.00945603,0,3.13811,0.00373858,2023-11-06 17:48:19.0000022
106,282.886,0.0005394029996959602,0.21258833402982527,52.785,0.0,169.65,159.52,51.2107,45.4434,0.9,Initial,45.0,Cell 11,1.0,IE10522060009,1.6,2022/11/02,5,3.25227,32,10,0,0,,3.33363,,0.00945603,0,3.13811,0.00373858,2023-11-06 17:48:19.0000023
106,441.734,0.0005605831076058215,0.3905223373634954,52.785,0.0,169.65,159.52,51.2107,45.4434,0.9,Initial,45.0,Cell 11,1.0,IE10522060009,1.6,2022/11/02,5,3.25227,32,10,0,0,,3.33363,,0.00945603,0,3.13811,0.00373858,2023-11-06 17:48:19.0000024
106,689.778,0.0006350040468674197,0.6098152679999748,52.785,0.0,169.65,159.52,51.2107,45.4434,0.9,Initial,45.0,Cell 11,1.0,IE10522060009,1.6,2022/11/02,5,3.25227,32,10,0,0,,3.33363,,0.00945603,0,3.13811,0.00373858,2023-11-06 17:48:19.0000025
106,1077.11,0.0008017553301662547,0.8204698548249005,52.785,0.0,169.65,159.52,51.2107,45.4434,0.9,Initial,45.0,Cell 11,1.0,IE10522060009,1.6,2022/11/02,5,3.25227,32,10,0,0,,3.33363,,0.00945603,0,3.13811,0.00373858,2023-11-06 17:48:19.0000026
106,1681.92,0.0010990950180184604,0.9915938312004853,52.785,0.0,169.65,159.52,51.2107,45.4434,0.9,Initial,45.0,Cell 11,1.0,IE10522060009,1.6,2022/11/02,5,3.25227,32,10,0,0,,3.33363,,0.00945603,0,3.13811,0.00373858,2023-11-06 17:48:19.0000027
106,2626.36,0.0016071162159794169,1.085615568472308,52.785,0.0,169.65,159.52,51.2107,45.4434,0.9,Initial,45.0,Cell 11,1.0,IE10522060009,1.6,2022/11/02,5,3.25227,32,10,0,0,,3.33363,,0.00945603,0,3.13811,0.00373858,2023-11-06 17:48:19.0000028
106,4101.13,0.0023344431263365574,1.0928512232959124,52.785,0.0,169.65,159.52,51.2107,45.4434,0.9,Initial,45.0,Cell 11,1.0,IE10522060009,1.6,2022/11/02,5,3.25227,32,10,0,0,,3.33363,,0.00945603,0,3.13811,0.00373858,2023-11-06 17:48:19.0000029
106,0.038,0.0009051400887431733,-0.37627911562385424,52.785,0.0,169.65,159.52,51.2107,45.4434,0.9,Initial,45.0,Cell 11,1.0,IE10522060009,1.6,2022/11/02,5,3.25227,32,10,0,0,,3.33363,,0.00945603,0,3.13811,0.00373858,2023-11-06 17:48:19.000003
106,6404.0,0.003499003982406993,1.1009408643717162,52.785,0.0,169.65,159.52,51.2107,45.4434,0.9,Initial,45.0,Cell 11,1.0,IE10522060009,1.6,2022/11/02,5,3.25227,32,10,0,0,,3.33363,,0.00945603,0,3.13811,0.00373858,2023-11-06 17:48:19.0000030
106,10000.0,0.010912204094686828,0.760777648902033,52.785,0.0,169.65,159.52,51.2107,45.4434,0.9,Initial,45.0,Cell 11,1.0,IE10522060009,1.6,2022/11/02,5,3.25227,32,10,0,0,,3.33363,,0.00945603,0,3.13811,0.00373858,2023-11-06 17:48:19.0000031
106,0.06,0.0008232836013822941,-0.2820024534694336,52.785,0.0,169.65,159.52,51.2107,45.4434,0.9,Initial,45.0,Cell 11,1.0,IE10522060009,1.6,2022/11/02,5,3.25227,32,10,0,0,,3.33363,,0.00945603,0,3.13811,0.00373858,2023-11-06 17:48:19.000004
106,0.092,0.0007752165898702117,-0.23680067848172434,52.785,0.0,169.65,159.52,51.2107,45.4434,0.9,Initial,45.0,Cell 11,1.0,IE10522060009,1.6,2022/11/02,5,3.25227,32,10,0,0,,3.33363,,0.00945603,0,3.13811,0.00373858,2023-11-06 17:48:19.000005
106,0.144,0.0007492762967624159,-0.17644482157741623,52.785,0.0,169.65,159.52,51.2107,45.4434,0.9,Initial,45.0,Cell 11,1.0,IE10522060009,1.6,2022/11/02,5,3.25227,32,10,0,0,,3.33363,,0.00945603,0,3.13811,0.00373858,2023-11-06 17:48:19.000006
106,0.226,0.0007228567924900478,-0.1415024441005384,52.785,0.0,169.65,159.52,51.2107,45.4434,0.9,Initial,45.0,Cell 11,1.0,IE10522060009,1.6,2022/11/02,5,3.25227,32,10,0,0,,3.33363,,0.00945603,0,3.13811,0.00373858,2023-11-06 17:48:19.000007
106,0.354,0.0007050453988644206,-0.11011845964275502,52.785,0.0,169.65,159.52,51.2107,45.4434,0.9,Initial,45.0,Cell 11,1.0,IE10522060009,1.6,2022/11/02,5,3.25227,32,10,0,0,,3.33363,,0.00945603,0,3.13811,0.00373858,2023-11-06 17:48:19.000008
106,0.552,0.0006903593028840924,-0.08738732741413324,52.785,0.0,169.65,159.52,51.2107,45.4434,0.9,Initial,45.0,Cell 11,1.0,IE10522060009,1.6,2022/11/02,5,3.25227,32,10,0,0,,3.33363,,0.00945603,0,3.13811,0.00373858,2023-11-06 17:48:19.000009
91,0.01,0.001441083004444921,-0.5529119623131047,52.785,0.0,169.65,159.52,51.2107,45.4434,0.5,Initial,45.0,Cell 11,1.0,IE10522060009,1.6,2022/11/02,5,3.06948,32,10,0,0,,3.29888,,0.00892022,0,2.96508,0.00342076,2023-11-07 19:25:02.000000
91,0.016,0.0012400070086289834,-0.4749456992877756,52.785,0.0,169.65,159.52,51.2107,45.4434,0.5,Initial,45.0,Cell 11,1.0,IE10522060009,1.6,2022/11/02,5,3.06948,32,10,0,0,,3.29888,,0.00892022,0,2.96508,0.00342076,2023-11-07 19:25:02.000001
91,0.862,0.0006898635443945491,-0.08320385334307406,52.785,0.0,169.65,159.52,51.2107,45.4434,0.5,Initial,45.0,Cell 11,1.0,IE10522060009,1.6,2022/11/02,5,3.06948,32,10,0,0,,3.29888,,0.00892022,0,2.96508,0.00342076,2023-11-07 19:25:02.0000010
91,1.346,0.0006785792315285591,-0.07042832518288719,52.785,0.0,169.65,159.52,51.2107,45.4434,0.5,Initial,45.0,Cell 11,1.0,IE10522060009,1.6,2022/11/02,5,3.06948,32,10,0,0,,3.29888,,0.00892022,0,2.96508,0.00342076,2023-11-07 19:25:02.0000011
91,2.102,0.0006690386165522958,-0.060932688274837006,52.785,0.0,169.65,159.52,51.2107,45.4434,0.5,Initial,45.0,Cell 11,1.0,IE10522060009,1.6,2022/11/02,5,3.06948,32,10,0,0,,3.29888,,0.00892022,0,2.96508,0.00342076,2023-11-07 19:25:02.0000012
91,3.282,0.0006601738797528193,-0.05412838649562592,52.785,0.0,169.65,159.52,51.2107,45.4434,0.5,Initial,45.0,Cell 11,1.0,IE10522060009,1.6,2022/11/02,5,3.06948,32,10,0,0,,3.29888,,0.00892022,0,2.96508,0.00342076,2023-11-07 19:25:02.0000013
91,5.124,0.0006522759407259782,-0.050753997303462355,52.785,0.0,169.65,159.52,51.2107,45.4434,0.5,Initial,45.0,Cell 11,1.0,IE10522060009,1.6,2022/11/02,5,3.06948,32,10,0,0,,3.29888,,0.00892022,0,2.96508,0.00342076,2023-11-07 19:25:02.0000014
91,8.002,0.0006442709220892714,-0.04930420894644465,52.785,0.0,169.65,159.52,51.2107,45.4434,0.5,Initial,45.0,Cell 11,1.0,IE10522060009,1.6,2022/11/02,5,3.06948,32,10,0,0,,3.29888,,0.00892022,0,2.96508,0.00342076,2023-11-07 19:25:02.0000015
91,12.496,0.0006358911821514746,-0.04883751250183263,52.785,0.0,169.65,159.52,51.2107,45.4434,0.5,Initial,45.0,Cell 11,1.0,IE10522060009,1.6,2022/11/02,5,3.06948,32,10,0,0,,3.29888,,0.00892022,0,2.96508,0.00342076,2023-11-07 19:25:02.0000016
91,19.512,0.000626464166637933,-0.0491057008965569,52.785,0.0,169.65,159.52,51.2107,45.4434,0.5,Initial,45.0,Cell 11,1.0,IE10522060009,1.6,2022/11/02,5,3.06948,32,10,0,0,,3.29888,,0.00892022,0,2.96508,0.00342076,2023-11-07 19:25:02.0000017
91,30.47,0.0006153094718289651,-0.04876520261809313,52.785,0.0,169.65,159.52,51.2107,45.4434,0.5,Initial,45.0,Cell 11,1.0,IE10522060009,1.6,2022/11/02,5,3.06948,32,10,0,0,,3.29888,,0.00892022,0,2.96508,0.00342076,2023-11-07 19:25:02.0000018
91,47.58,0.0006005139109779307,-0.047168602986510044,52.785,0.0,169.65,159.52,51.2107,45.4434,0.5,Initial,45.0,Cell 11,1.0,IE10522060009,1.6,2022/11/02,5,3.06948,32,10,0,0,,3.29888,,0.00892022,0,2.96508,0.00342076,2023-11-07 19:25:02.0000019
91,0.024,0.0010900749702956215,-0.43894378306415194,52.785,0.0,169.65,159.52,51.2107,45.4434,0.5,Initial,45.0,Cell 11,1.0,IE10522060009,1.6,2022/11/02,5,3.06948,32,10,0,0,,3.29888,,0.00892022,0,2.96508,0.00342076,2023-11-07 19:25:02.000002
91,74.296,0.0005793162215647081,-0.03165484018125087,52.785,0.0,169.65,159.52,51.2107,45.4434,0.5,Initial,45.0,Cell 11,1.0,IE10522060009,1.6,2022/11/02,5,3.06948,32,10,0,0,,3.29888,,0.00892022,0,2.96508,0.00342076,2023-11-07 19:25:02.0000020
91,116.016,0.000556298825928865,0.012262709625305056,52.785,0.0,169.65,159.52,51.2107,45.4434,0.5,Initial,45.0,Cell 11,1.0,IE10522060009,1.6,2022/11/02,5,3.06948,32,10,0,0,,3.29888,,0.00892022,0,2.96508,0.00342076,2023-11-07 19:25:02.0000021
91,181.16,0.000539773792055422,0.09312404750545061,52.785,0.0,169.65,159.52,51.2107,45.4434,0.5,Initial,45.0,Cell 11,1.0,IE10522060009,1.6,2022/11/02,5,3.06948,32,10,0,0,,3.29888,,0.00892022,0,2.96508,0.00342076,2023-11-07 19:25:02.0000022
91,282.886,0.0005371291223579298,0.22127552723751406,52.785,0.0,169.65,159.52,51.2107,45.4434,0.5,Initial,45.0,Cell 11,1.0,IE10522060009,1.6,2022/11/02,5,3.06948,32,10,0,0,,3.29888,,0.00892022,0,2.96508,0.00342076,2023-11-07 19:25:02.0000023
91,441.734,0.0005621589045189981,0.3990654511230943,52.785,0.0,169.65,159.52,51.2107,45.4434,0.5,Initial,45.0,Cell 11,1.0,IE10522060009,1.6,2022/11/02,5,3.06948,32,10,0,0,,3.29888,,0.00892022,0,2.96508,0.00342076,2023-11-07 19:25:02.0000024
91,689.778,0.0006398471909729698,0.6123517606193447,52.785,0.0,169.65,159.52,51.2107,45.4434,0.5,Initial,45.0,Cell 11,1.0,IE10522060009,1.6,2022/11/02,5,3.06948,32,10,0,0,,3.29888,,0.00892022,0,2.96508,0.00342076,2023-11-07 19:25:02.0000025
91,1077.11,0.0008061555208053841,0.8155752913916986,52.785,0.0,169.65,159.52,51.2107,45.4434,0.5,Initial,45.0,Cell 11,1.0,IE10522060009,1.6,2022/11/02,5,3.06948,32,10,0,0,,3.29888,,0.00892022,0,2.96508,0.00342076,2023-11-07 19:25:02.0000026
91,1681.92,0.001098789498965566,0.9818196566050155,52.785,0.0,169.65,159.52,51.2107,45.4434,0.5,Initial,45.0,Cell 11,1.0,IE10522060009,1.6,2022/11/02,5,3.06948,32,10,0,0,,3.29888,,0.00892022,0,2.96508,0.00342076,2023-11-07 19:25:02.0000027
91,2626.36,0.0015979153587850014,1.0770684539705013,52.785,0.0,169.65,159.52,51.2107,45.4434,0.5,Initial,45.0,Cell 11,1.0,IE10522060009,1.6,2022/11/02,5,3.06948,32,10,0,0,,3.29888,,0.00892022,0,2.96508,0.00342076,2023-11-07 19:25:02.0000028
91,4101.13,0.0023145173312161655,1.0873132707332096,52.785,0.0,169.65,159.52,51.2107,45.4434,0.5,Initial,45.0,Cell 11,1.0,IE10522060009,1.6,2022/11/02,5,3.06948,32,10,0,0,,3.29888,,0.00892022,0,2.96508,0.00342076,2023-11-07 19:25:02.0000029
91,0.038,0.0009635542338747726,-0.3561633535439059,52.785,0.0,169.65,159.52,51.2107,45.4434,0.5,Initial,45.0,Cell 11,1.0,IE10522060009,1.6,2022/11/02,5,3.06948,32,10,0,0,,3.29888,,0.00892022,0,2.96508,0.00342076,2023-11-07 19:25:02.000003
91,6404.0,0.0034609795585209685,1.0971666235914976,52.785,0.0,169.65,159.52,51.2107,45.4434,0.5,Initial,45.0,Cell 11,1.0,IE10522060009,1.6,2022/11/02,5,3.06948,32,10,0,0,,3.29888,,0.00892022,0,2.96508,0.00342076,2023-11-07 19:25:02.0000030
91,10000.0,0.010062643865644854,0.7873615217775122,52.785,0.0,169.65,159.52,51.2107,45.4434,0.5,Initial,45.0,Cell 11,1.0,IE10522060009,1.6,2022/11/02,5,3.06948,32,10,0,0,,3.29888,,0.00892022,0,2.96508,0.00342076,2023-11-07 19:25:02.0000031
91,0.06,0.0008778629869432929,-0.3086693486264568,52.785,0.0,169.65,159.52,51.2107,45.4434,0.5,Initial,45.0,Cell 11,1.0,IE10522060009,1.6,2022/11/02,5,3.06948,32,10,0,0,,3.29888,,0.00892022,0,2.96508,0.00342076,2023-11-07 19:25:02.000004
91,0.092,0.0008207291334325837,-0.24813976439173258,52.785,0.0,169.65,159.52,51.2107,45.4434,0.5,Initial,45.0,Cell 11,1.0,IE10522060009,1.6,2022/11/02,5,3.06948,32,10,0,0,,3.29888,,0.00892022,0,2.96508,0.00342076,2023-11-07 19:25:02.000005
91,0.144,0.0007747105778321347,-0.20097836571090086,52.785,0.0,169.65,159.52,51.2107,45.4434,0.5,Initial,45.0,Cell 11,1.0,IE10522060009,1.6,2022/11/02,5,3.06948,32,10,0,0,,3.29888,,0.00892022,0,2.96508,0.00342076,2023-11-07 19:25:02.000006
91,0.226,0.0007436254097030305,-0.157544415926784,52.785,0.0,169.65,159.52,51.2107,45.4434,0.5,Initial,45.0,Cell 11,1.0,IE10522060009,1.6,2022/11/02,5,3.06948,32,10,0,0,,3.29888,,0.00892022,0,2.96508,0.00342076,2023-11-07 19:25:02.000007
91,0.354,0.00071991188730628,-0.12785210663066066,52.785,0.0,169.65,159.52,51.2107,45.4434,0.5,Initial,45.0,Cell 11,1.0,IE10522060009,1.6,2022/11/02,5,3.06948,32,10,0,0,,3.29888,,0.00892022,0,2.96508,0.00342076,2023-11-07 19:25:02.000008
91,0.552,0.0007029888256554936,-0.10131381697412202,52.785,0.0,169.65,159.52,51.2107,45.4434,0.5,Initial,45.0,Cell 11,1.0,IE10522060009,1.6,2022/11/02,5,3.06948,32,10,0,0,,3.29888,,0.00892022,0,2.96508,0.00342076,2023-11-07 19:25:02.000009
76,0.01,0.0015906824381365378,-0.590296823754476,52.785,0.0,169.65,159.52,51.2107,45.4434,0.1,Initial,45.0,Cell 11,1.0,IE10521120002,1.6,2021/12/13,5,2.47992,32,10,0,0,,3.20823,42.7926,0.00650193,0,2.32654,-0.000990578,2023-11-08 19:38:46.000000
76,0.016,0.001324617558844816,-0.5409917588690312,52.785,0.0,169.65,159.52,51.2107,45.4434,0.1,Initial,45.0,Cell 11,1.0,IE10521120002,1.6,2021/12/13,5,2.47992,32,10,0,0,,3.20823,42.7926,0.00650193,0,2.32654,-0.000990578,2023-11-08 19:38:46.000001
76,0.862,0.0007194981605075581,-0.10167975430743022,52.785,0.0,169.65,159.52,51.2107,45.4434,0.1,Initial,45.0,Cell 11,1.0,IE10521120002,1.6,2021/12/13,5,2.47992,32,10,0,0,,3.20823,42.7926,0.00650193,0,2.32654,-0.000990578,2023-11-08 19:38:46.0000010
76,1.346,0.0007030125932942025,-0.08650287792598084,52.785,0.0,169.65,159.52,51.2107,45.4434,0.1,Initial,45.0,Cell 11,1.0,IE10521120002,1.6,2021/12/13,5,2.47992,32,10,0,0,,3.20823,42.7926,0.00650193,0,2.32654,-0.000990578,2023-11-08 19:38:46.0000011
76,2.102,0.0006907449494034973,-0.07664626687087166,52.785,0.0,169.65,159.52,51.2107,45.4434,0.1,Initial,45.0,Cell 11,1.0,IE10521120002,1.6,2021/12/13,5,2.47992,32,10,0,0,,3.20823,42.7926,0.00650193,0,2.32654,-0.000990578,2023-11-08 19:38:46.0000012
76,3.282,0.0006792368978996135,-0.06975639357099205,52.785,0.0,169.65,159.52,51.2107,45.4434,0.1,Initial,45.0,Cell 11,1.0,IE10521120002,1.6,2021/12/13,5,2.47992,32,10,0,0,,3.20823,42.7926,0.00650193,0,2.32654,-0.000990578,2023-11-08 19:38:46.0000013
76,5.124,0.0006681299983345232,-0.06593959178886949,52.785,0.0,169.65,159.52,51.2107,45.4434,0.1,Initial,45.0,Cell 11,1.0,IE10521120002,1.6,2021/12/13,5,2.47992,32,10,0,0,,3.20823,42.7926,0.00650193,0,2.32654,-0.000990578,2023-11-08 19:38:46.0000014
76,8.002,0.0006573533603048593,-0.06417957101617243,52.785,0.0,169.65,159.52,51.2107,45.4434,0.1,Initial,45.0,Cell 11,1.0,IE10521120002,1.6,2021/12/13,5,2.47992,32,10,0,0,,3.20823,42.7926,0.00650193,0,2.32654,-0.000990578,2023-11-08 19:38:46.0000015
76,12.496,0.0006460920119569735,-0.06317838443211428,52.785,0.0,169.65,159.52,51.2107,45.4434,0.1,Initial,45.0,Cell 11,1.0,IE10521120002,1.6,2021/12/13,5,2.47992,32,10,0,0,,3.20823,42.7926,0.00650193,0,2.32654,-0.000990578,2023-11-08 19:38:46.0000016
76,19.512,0.0006336225516767928,-0.06225721896819209,52.785,0.0,169.65,159.52,51.2107,45.4434,0.1,Initial,45.0,Cell 11,1.0,IE10521120002,1.6,2021/12/13,5,2.47992,32,10,0,0,,3.20823,42.7926,0.00650193,0,2.32654,-0.000990578,2023-11-08 19:38:46.0000017
76,30.47,0.0006206596397075937,-0.06189886666552354,52.785,0.0,169.65,159.52,51.2107,45.4434,0.1,Initial,45.0,Cell 11,1.0,IE10521120002,1.6,2021/12/13,5,2.47992,32,10,0,0,,3.20823,42.7926,0.00650193,0,2.32654,-0.000990578,2023-11-08 19:38:46.0000018
76,47.58,0.0006039855318985382,-0.05943641174987876,52.785,0.0,169.65,159.52,51.2107,45.4434,0.1,Initial,45.0,Cell 11,1.0,IE10521120002,1.6,2021/12/13,5,2.47992,32,10,0,0,,3.20823,42.7926,0.00650193,0,2.32654,-0.000990578,2023-11-08 19:38:46.0000019
76,0.024,0.0011560564835491388,-0.45373959656566903,52.785,0.0,169.65,159.52,51.2107,45.4434,0.1,Initial,45.0,Cell 11,1.0,IE10521120002,1.6,2021/12/13,5,2.47992,32,10,0,0,,3.20823,42.7926,0.00650193,0,2.32654,-0.000990578,2023-11-08 19:38:46.000002
76,74.296,0.0005810804748741778,-0.04538967771743626,52.785,0.0,169.65,159.52,51.2107,45.4434,0.1,Initial,45.0,Cell 11,1.0,IE10521120002,1.6,2021/12/13,5,2.47992,32,10,0,0,,3.20823,42.7926,0.00650193,0,2.32654,-0.000990578,2023-11-08 19:38:46.0000020
76,116.016,0.0005567822007647141,-0.0047194931002109515,52.785,0.0,169.65,159.52,51.2107,45.4434,0.1,Initial,45.0,Cell 11,1.0,IE10521120002,1.6,2021/12/13,5,2.47992,32,10,0,0,,3.20823,42.7926,0.00650193,0,2.32654,-0.000990578,2023-11-08 19:38:46.0000021
76,181.16,0.0005369580367106539,0.07243471593842385,52.785,0.0,169.65,159.52,51.2107,45.4434,0.1,Initial,45.0,Cell 11,1.0,IE10521120002,1.6,2021/12/13,5,2.47992,32,10,0,0,,3.20823,42.7926,0.00650193,0,2.32654,-0.000990578,2023-11-08 19:38:46.0000022
76,282.886,0.0005287327674676499,0.19516634497819838,52.785,0.0,169.65,159.52,51.2107,45.4434,0.1,Initial,45.0,Cell 11,1.0,IE10521120002,1.6,2021/12/13,5,2.47992,32,10,0,0,,3.20823,42.7926,0.00650193,0,2.32654,-0.000990578,2023-11-08 19:38:46.0000023
76,441.734,0.0005465293865109177,0.3737679694304068,52.785,0.0,169.65,159.52,51.2107,45.4434,0.1,Initial,45.0,Cell 11,1.0,IE10521120002,1.6,2021/12/13,5,2.47992,32,10,0,0,,3.20823,42.7926,0.00650193,0,2.32654,-0.000990578,2023-11-08 19:38:46.0000024
76,689.778,0.0006152489211059212,0.5937416846920702,52.785,0.0,169.65,159.52,51.2107,45.4434,0.1,Initial,45.0,Cell 11,1.0,IE10521120002,1.6,2021/12/13,5,2.47992,32,10,0,0,,3.20823,42.7926,0.00650193,0,2.32654,-0.000990578,2023-11-08 19:38:46.0000025
76,1077.11,0.0007711374818863366,0.809052587864309,52.785,0.0,169.65,159.52,51.2107,45.4434,0.1,Initial,45.0,Cell 11,1.0,IE10521120002,1.6,2021/12/13,5,2.47992,32,10,0,0,,3.20823,42.7926,0.00650193,0,2.32654,-0.000990578,2023-11-08 19:38:46.0000026
76,1681.92,0.0010525937343505327,0.9879104980115219,52.785,0.0,169.65,159.52,51.2107,45.4434,0.1,Initial,45.0,Cell 11,1.0,IE10521120002,1.6,2021/12/13,5,2.47992,32,10,0,0,,3.20823,42.7926,0.00650193,0,2.32654,-0.000990578,2023-11-08 19:38:46.0000027
76,2626.36,0.0015378959070548306,1.0905487523588986,52.785,0.0,169.65,159.52,51.2107,45.4434,0.1,Initial,45.0,Cell 11,1.0,IE10521120002,1.6,2021/12/13,5,2.47992,32,10,0,0,,3.20823,42.7926,0.00650193,0,2.32654,-0.000990578,2023-11-08 19:38:46.0000028
76,4101.13,0.002250696338758296,1.1070851337609218,52.785,0.0,169.65,159.52,51.2107,45.4434,0.1,Initial,45.0,Cell 11,1.0,IE10521120002,1.6,2021/12/13,5,2.47992,32,10,0,0,,3.20823,42.7926,0.00650193,0,2.32654,-0.000990578,2023-11-08 19:38:46.0000029
76,0.038,0.001033988731235017,-0.39300230294077554,52.785,0.0,169.65,159.52,51.2107,45.4434,0.1,Initial,45.0,Cell 11,1.0,IE10521120002,1.6,2021/12/13,5,2.47992,32,10,0,0,,3.20823,42.7926,0.00650193,0,2.32654,-0.000990578,2023-11-08 19:38:46.000003
76,6404.0,0.0034047918108013595,1.118092876114191,52.785,0.0,169.65,159.52,51.2107,45.4434,0.1,Initial,45.0,Cell 11,1.0,IE10521120002,1.6,2021/12/13,5,2.47992,32,10,0,0,,3.20823,42.7926,0.00650193,0,2.32654,-0.000990578,2023-11-08 19:38:46.0000030
76,10000.0,0.014090636048613988,0.782589431524508,52.785,0.0,169.65,159.52,51.2107,45.4434,0.1,Initial,45.0,Cell 11,1.0,IE10521120002,1.6,2021/12/13,5,2.47992,32,10,0,0,,3.20823,42.7926,0.00650193,0,2.32654,-0.000990578,2023-11-08 19:38:46.0000031
76,0.06,0.0009393058295922579,-0.3104445593213385,52.785,0.0,169.65,159.52,51.2107,45.4434,0.1,Initial,45.0,Cell 11,1.0,IE10521120002,1.6,2021/12/13,5,2.47992,32,10,0,0,,3.20823,42.7926,0.00650193,0,2.32654,-0.000990578,2023-11-08 19:38:46.000004
76,0.092,0.0008781150325629324,-0.26785142230021847,52.785,0.0,169.65,159.52,51.2107,45.4434,0.1,Initial,45.0,Cell 11,1.0,IE10521120002,1.6,2021/12/13,5,2.47992,32,10,0,0,,3.20823,42.7926,0.00650193,0,2.32654,-0.000990578,2023-11-08 19:38:46.000005
76,0.144,0.0008312562358418732,-0.2182058598908723,52.785,0.0,169.65,159.52,51.2107,45.4434,0.1,Initial,45.0,Cell 11,1.0,IE10521120002,1.6,2021/12/13,5,2.47992,32,10,0,0,,3.20823,42.7926,0.00650193,0,2.32654,-0.000990578,2023-11-08 19:38:46.000006
76,0.226,0.0007901078742709757,-0.1802165423791875,52.785,0.0,169.65,159.52,51.2107,45.4434,0.1,Initial,45.0,Cell 11,1.0,IE10521120002,1.6,2021/12/13,5,2.47992,32,10,0,0,,3.20823,42.7926,0.00650193,0,2.32654,-0.000990578,2023-11-08 19:38:46.000007
76,0.354,0.0007619953160026642,-0.1462288197843532,52.785,0.0,169.65,159.52,51.2107,45.4434,0.1,Initial,45.0,Cell 11,1.0,IE10521120002,1.6,2021/12/13,5,2.47992,32,10,0,0,,3.20823,42.7926,0.00650193,0,2.32654,-0.000990578,2023-11-08 19:38:46.000008
76,0.552,0.0007380367568492845,-0.11941302463656783,52.785,0.0,169.65,159.52,51.2107,45.4434,0.1,Initial,45.0,Cell 11,1.0,IE10521120002,1.6,2021/12/13,5,2.47992,32,10,0,0,,3.20823,42.7926,0.00650193,0,2.32654,-0.000990578,2023-11-08 19:38:46.000009
1,0.01,0.0023988849107416557,-0.37498940802844277,51.06,194.0,169.36,159.42,50.87205936422106,50.70869657403091,0.5,Check-up 1,25.0,Cell 11,1.0,IE10522020006,1.6,2022/02/15,5,2.18448,32,10,0,0,,3.29329,23.6414,0.00773031,0,2.19272,-0.00361236,2023-12-14 17:35:49.000000
1,0.02,0.0019823587601957926,-0.3493870900226935,51.06,194.0,169.36,159.42,50.87205936422106,50.70869657403091,0.5,Check-up 1,25.0,Cell 11,1.0,IE10522020006,1.6,2022/02/15,5,2.18448,32,10,0,0,,3.29329,23.6414,0.00773031,0,2.19272,-0.00361236,2023-12-14 17:35:49.000001
1,0.86,0.0013288912824700899,-0.09176527693282036,51.06,194.0,169.36,159.42,50.87205936422106,50.70869657403091,0.5,Check-up 1,25.0,Cell 11,1.0,IE10522020006,1.6,2022/02/15,5,2.18448,32,10,0,0,,3.29329,23.6414,0.00773031,0,2.19272,-0.00361236,2023-12-14 17:35:49.0000010
1,1.35,0.0013030724928782742,-0.08947430286769022,51.06,194.0,169.36,159.42,50.87205936422106,50.70869657403091,0.5,Check-up 1,25.0,Cell 11,1.0,IE10522020006,1.6,2022/02/15,5,2.18448,32,10,0,0,,3.29329,23.6414,0.00773031,0,2.19272,-0.00361236,2023-12-14 17:35:49.0000011
1,2.1,0.0012786968694342691,-0.09418100514340302,51.06,194.0,169.36,159.42,50.87205936422106,50.70869657403091,0.5,Check-up 1,25.0,Cell 11,1.0,IE10522020006,1.6,2022/02/15,5,2.18448,32,10,0,0,,3.29329,23.6414,0.00773031,0,2.19272,-0.00361236,2023-12-14 17:35:49.0000012
1,3.28,0.0012524556805017094,-0.10475486484726257,51.06,194.0,169.36,159.42,50.87205936422106,50.70869657403091,0.5,Check-up 1,25.0,Cell 11,1.0,IE10522020006,1.6,2022/02/15,5,2.18448,32,10,0,0,,3.29329,23.6414,0.00773031,0,2.19272,-0.00361236,2023-12-14 17:35:49.0000013
1,5.12,0.0012221493608315637,-0.12142987399034388,51.06,194.0,169.36,159.42,50.87205936422106,50.70869657403091,0.5,Check-up 1,25.0,Cell 11,1.0,IE10522020006,1.6,2022/02/15,5,2.18448,32,10,0,0,,3.29329,23.6414,0.00773031,0,2.19272,-0.00361236,2023-12-14 17:35:49.0000014
1,8.0,0.0011846677048506047,-0.1449748215999207,51.06,194.0,169.36,159.42,50.87205936422106,50.70869657403091,0.5,Check-up 1,25.0,Cell 11,1.0,IE10522020006,1.6,2022/02/15,5,2.18448,32,10,0,0,,3.29329,23.6414,0.00773031,0,2.19272,-0.00361236,2023-12-14 17:35:49.0000015
1,12.5,0.0011367932907002045,-0.17510365841248338,51.06,194.0,169.36,159.42,50.87205936422106,50.70869657403091,0.5,Check-up 1,25.0,Cell 11,1.0,IE10522020006,1.6,2022/02/15,5,2.18448,32,10,0,0,,3.29329,23.6414,0.00773031,0,2.19272,-0.00361236,2023-12-14 17:35:49.0000016
1,19.51,0.0010754416391645805,-0.20854611339356613,51.06,194.0,169.36,159.42,50.87205936422106,50.70869657403091,0.5,Check-up 1,25.0,Cell 11,1.0,IE10522020006,1.6,2022/02/15,5,2.18448,32,10,0,0,,3.29329,23.6414,0.00773031,0,2.19272,-0.00361236,2023-12-14 17:35:49.0000017
1,30.47,0.0009996055714540611,-0.24044508127504405,51.06,194.0,169.36,159.42,50.87205936422106,50.70869657403091,0.5,Check-up 1,25.0,Cell 11,1.0,IE10522020006,1.6,2022/02/15,5,2.18448,32,10,0,0,,3.29329,23.6414,0.00773031,0,2.19272,-0.00361236,2023-12-14 17:35:49.0000018
1,47.58,0.0009098096032538897,-0.2626710643208811,51.06,194.0,169.36,159.42,50.87205936422106,50.70869657403091,0.5,Check-up 1,25.0,Cell 11,1.0,IE10522020006,1.6,2022/02/15,5,2.18448,32,10,0,0,,3.29329,23.6414,0.00773031,0,2.19272,-0.00361236,2023-12-14 17:35:49.0000019
1,0.03,0.0018322449688466876,-0.29770226122281007,51.06,194.0,169.36,159.42,50.87205936422106,50.70869657403091,0.5,Check-up 1,25.0,Cell 11,1.0,IE10522020006,1.6,2022/02/15,5,2.18448,32,10,0,0,,3.29329,23.6414,0.00773031,0,2.19272,-0.00361236,2023-12-14 17:35:49.000002
1,74.3,0.0008103381925899828,-0.2586221572780374,51.06,194.0,169.36,159.42,50.87205936422106,50.70869657403091,0.5,Check-up 1,25.0,Cell 11,1.0,IE10522020006,1.6,2022/02/15,5,2.18448,32,10,0,0,,3.29329,23.6414,0.00773031,0,2.19272,-0.00361236,2023-12-14 17:35:49.0000020
1,116.02,0.0007180229091289498,-0.20760546875855818,51.06,194.0,169.36,159.42,50.87205936422106,50.70869657403091,0.5,Check-up 1,25.0,Cell 11,1.0,IE10522020006,1.6,2022/02/15,5,2.18448,32,10,0,0,,3.29329,23.6414,0.00773031,0,2.19272,-0.00361236,2023-12-14 17:35:49.0000021
1,181.16,0.0006473369051620955,-0.10258058459642477,51.06,194.0,169.36,159.42,50.87205936422106,50.70869657403091,0.5,Check-up 1,25.0,Cell 11,1.0,IE10522020006,1.6,2022/02/15,5,2.18448,32,10,0,0,,3.29329,23.6414,0.00773031,0,2.19272,-0.00361236,2023-12-14 17:35:49.0000022
1,282.89,0.0006084750058996342,0.055176683864800694,51.06,194.0,169.36,159.42,50.87205936422106,50.70869657403091,0.5,Check-up 1,25.0,Cell 11,1.0,IE10522020006,1.6,2022/02/15,5,2.18448,32,10,0,0,,3.29329,23.6414,0.00773031,0,2.19272,-0.00361236,2023-12-14 17:35:49.0000023
1,441.73,0.0006096217395369034,0.2636649900168987,51.06,194.0,169.36,159.42,50.87205936422106,50.70869657403091,0.5,Check-up 1,25.0,Cell 11,1.0,IE10522020006,1.6,2022/02/15,5,2.18448,32,10,0,0,,3.29329,23.6414,0.00773031,0,2.19272,-0.00361236,2023-12-14 17:35:49.0000024
1,689.78,0.0006692924524017883,0.5077683843319462,51.06,194.0,169.36,159.42,50.87205936422106,50.70869657403091,0.5,Check-up 1,25.0,Cell 11,1.0,IE10522020006,1.6,2022/02/15,5,2.18448,32,10,0,0,,3.29329,23.6414,0.00773031,0,2.19272,-0.00361236,2023-12-14 17:35:49.0000025
1,1077.11,0.0008238519534267064,0.7460549979222343,51.06,194.0,169.36,159.42,50.87205936422106,50.70869657403091,0.5,Check-up 1,25.0,Cell 11,1.0,IE10522020006,1.6,2022/02/15,5,2.18448,32,10,0,0,,3.29329,23.6414,0.00773031,0,2.19272,-0.00361236,2023-12-14 17:35:49.0000026
1,1681.92,0.001114247187036162,0.9472298172226784,51.06,194.0,169.36,159.42,50.87205936422106,50.70869657403091,0.5,Check-up 1,25.0,Cell 11,1.0,IE10522020006,1.6,2022/02/15,5,2.18448,32,10,0,0,,3.29329,23.6414,0.00773031,0,2.19272,-0.00361236,2023-12-14 17:35:49.0000027
1,2626.36,0.0015822779264402318,1.061529078476862,51.06,194.0,169.36,159.42,50.87205936422106,50.70869657403091,0.5,Check-up 1,25.0,Cell 11,1.0,IE10522020006,1.6,2022/02/15,5,2.18448,32,10,0,0,,3.29329,23.6414,0.00773031,0,2.19272,-0.00361236,2023-12-14 17:35:49.0000028
1,4101.13,0.002342484968788487,1.0919418173153053,51.06,194.0,169.36,159.42,50.87205936422106,50.70869657403091,0.5,Check-up 1,25.0,Cell 11,1.0,IE10522020006,1.6,2022/02/15,5,2.18448,32,10,0,0,,3.29329,23.6414,0.00773031,0,2.19272,-0.00361236,2023-12-14 17:35:49.0000029
1,0.04,0.001710676056542851,-0.2652914091412376,51.06,194.0,169.36,159.42,50.87205936422106,50.70869657403091,0.5,Check-up 1,25.0,Cell 11,1.0,IE10522020006,1.6,2022/02/15,5,2.18448,32,10,0,0,,3.29329,23.6414,0.00773031,0,2.19272,-0.00361236,2023-12-14 17:35:49.000003
1,6404.0,0.0033705513439198634,1.1095608902315062,51.06,194.0,169.36,159.42,50.87205936422106,50.70869657403091,0.5,Check-up 1,25.0,Cell 11,1.0,IE10522020006,1.6,2022/02/15,5,2.18448,32,10,0,0,,3.29329,23.6414,0.00773031,0,2.19272,-0.00361236,2023-12-14 17:35:49.0000030
1,10000.0,0.016270677529838764,1.1552840538187163,51.06,194.0,169.36,159.42,50.87205936422106,50.70869657403091,0.5,Check-up 1,25.0,Cell 11,1.0,IE10522020006,1.6,2022/02/15,5,2.18448,32,10,0,0,,3.29329,23.6414,0.00773031,0,2.19272,-0.00361236,2023-12-14 17:35:49.0000031
1,0.06,0.0016231045838257002,-0.22448242047539052,51.06,194.0,169.36,159.42,50.87205936422106,50.70869657403091,0.5,Check-up 1,25.0,Cell 11,1.0,IE10522020006,1.6,2022/02/15,5,2.18448,32,10,0,0,,3.29329,23.6414,0.00773031,0,2.19272,-0.00361236,2023-12-14 17:35:49.000004
1,0.09,0.0015397825738593745,-0.19025089645241136,51.06,194.0,169.36,159.42,50.87205936422106,50.70869657403091,0.5,Check-up 1,25.0,Cell 11,1.0,IE10522020006,1.6,2022/02/15,5,2.18448,32,10,0,0,,3.29329,23.6414,0.00773031,0,2.19272,-0.00361236,2023-12-14 17:35:49.000005
1,0.14,0.0014756963303434077,-0.15602809981632468,51.06,194.0,169.36,159.42,50.87205936422106,50.70869657403091,0.5,Check-up 1,25.0,Cell 11,1.0,IE10522020006,1.6,2022/02/15,5,2.18448,32,10,0,0,,3.29329,23.6414,0.00773031,0,2.19272,-0.00361236,2023-12-14 17:35:49.000006
1,0.23,0.0014227338821118307,-0.13139523153438065,51.06,194.0,169.36,159.42,50.87205936422106,50.70869657403091,0.5,Check-up 1,25.0,Cell 11,1.0,IE10522020006,1.6,2022/02/15,5,2.18448,32,10,0,0,,3.29329,23.6414,0.00773031,0,2.19272,-0.00361236,2023-12-14 17:35:49.000007
1,0.35,0.0013888088483661096,-0.11185392644119944,51.06,194.0,169.36,159.42,50.87205936422106,50.70869657403091,0.5,Check-up 1,25.0,Cell 11,1.0,IE10522020006,1.6,2022/02/15,5,2.18448,32,10,0,0,,3.29329,23.6414,0.00773031,0,2.19272,-0.00361236,2023-12-14 17:35:49.000008
1,0.55,0.0013551634996416485,-0.09876037745729994,51.06,194.0,169.36,159.42,50.87205936422106,50.70869657403091,0.5,Check-up 1,25.0,Cell 11,1.0,IE10522020006,1.6,2022/02/15,5,2.18448,32,10,0,0,,3.29329,23.6414,0.00773031,0,2.19272,-0.00361236,2023-12-14 17:35:49.000009
16,0.01,0.0023470459421428037,-0.4335475310422837,50.44920459843706,199.0,169.1939873053343,159.5364116898054,50.24448247696273,49.826740767399315,0.5,Check-up 2,25.0,Cell 11,1.0,IE10522060009,1.6,2022/11/02,5,2.98228,32,10,0,0,,3.29415,,0.0093817,0,2.88113,0.0031586,2024-01-11 12:34:10.000000
16,0.016,0.002052508453175285,-0.4027255092594346,50.44920459843706,199.0,169.1939873053343,159.5364116898054,50.24448247696273,49.826740767399315,0.5,Check-up 2,25.0,Cell 11,1.0,IE10522060009,1.6,2022/11/02,5,2.98228,32,10,0,0,,3.29415,,0.0093817,0,2.88113,0.0031586,2024-01-11 12:34:10.000001
16,0.862,0.0012818898046696526,-0.09308620189636611,50.44920459843706,199.0,169.1939873053343,159.5364116898054,50.24448247696273,49.826740767399315,0.5,Check-up 2,25.0,Cell 11,1.0,IE10522060009,1.6,2022/11/02,5,2.98228,32,10,0,0,,3.29415,,0.0093817,0,2.88113,0.0031586,2024-01-11 12:34:10.0000010
16,1.346,0.0012562372613945188,-0.09055567544629586,50.44920459843706,199.0,169.1939873053343,159.5364116898054,50.24448247696273,49.826740767399315,0.5,Check-up 2,25.0,Cell 11,1.0,IE10522060009,1.6,2022/11/02,5,2.98228,32,10,0,0,,3.29415,,0.0093817,0,2.88113,0.0031586,2024-01-11 12:34:10.0000011
16,2.102,0.0012323365022687592,-0.09335847078877549,50.44920459843706,199.0,169.1939873053343,159.5364116898054,50.24448247696273,49.826740767399315,0.5,Check-up 2,25.0,Cell 11,1.0,IE10522060009,1.6,2022/11/02,5,2.98228,32,10,0,0,,3.29415,,0.0093817,0,2.88113,0.0031586,2024-01-11 12:34:10.0000012
16,3.282,0.0012068860730031646,-0.10259468843287899,50.44920459843706,199.0,169.1939873053343,159.5364116898054,50.24448247696273,49.826740767399315,0.5,Check-up 2,25.0,Cell 11,1.0,IE10522060009,1.6,2022/11/02,5,2.98228,32,10,0,0,,3.29415,,0.0093817,0,2.88113,0.0031586,2024-01-11 12:34:10.0000013
16,5.124,0.001177862602821314,-0.11699937911507789,50.44920459843706,199.0,169.1939873053343,159.5364116898054,50.24448247696273,49.826740767399315,0.5,Check-up 2,25.0,Cell 11,1.0,IE10522060009,1.6,2022/11/02,5,2.98228,32,10,0,0,,3.29415,,0.0093817,0,2.88113,0.0031586,2024-01-11 12:34:10.0000014
16,8.002,0.0011428768172222236,-0.13832784557064812,50.44920459843706,199.0,169.1939873053343,159.5364116898054,50.24448247696273,49.826740767399315,0.5,Check-up 2,25.0,Cell 11,1.0,IE10522060009,1.6,2022/11/02,5,2.98228,32,10,0,0,,3.29415,,0.0093817,0,2.88113,0.0031586,2024-01-11 12:34:10.0000015
16,12.496,0.0010996324985325778,-0.16482096557716805,50.44920459843706,199.0,169.1939873053343,159.5364116898054,50.24448247696273,49.826740767399315,0.5,Check-up 2,25.0,Cell 11,1.0,IE10522060009,1.6,2022/11/02,5,2.98228,32,10,0,0,,3.29415,,0.0093817,0,2.88113,0.0031586,2024-01-11 12:34:10.0000016
16,19.512,0.0010437901619487512,-0.1949896456875263,50.44920459843706,199.0,169.1939873053343,159.5364116898054,50.24448247696273,49.826740767399315,0.5,Check-up 2,25.0,Cell 11,1.0,IE10522060009,1.6,2022/11/02,5,2.98228,32,10,0,0,,3.29415,,0.0093817,0,2.88113,0.0031586,2024-01-11 12:34:10.0000017
16,30.47,0.0009753194815905196,-0.22384212210263638,50.44920459843706,199.0,169.1939873053343,159.5364116898054,50.24448247696273,49.826740767399315,0.5,Check-up 2,25.0,Cell 11,1.0,IE10522060009,1.6,2022/11/02,5,2.98228,32,10,0,0,,3.29415,,0.0093817,0,2.88113,0.0031586,2024-01-11 12:34:10.0000018
16,47.58,0.0008939915230364324,-0.24381914710576721,50.44920459843706,199.0,169.1939873053343,159.5364116898054,50.24448247696273,49.826740767399315,0.5,Check-up 2,25.0,Cell 11,1.0,IE10522060009,1.6,2022/11/02,5,2.98228,32,10,0,0,,3.29415,,0.0093817,0,2.88113,0.0031586,2024-01-11 12:34:10.0000019
16,0.024,0.0018429593628183994,-0.34611144648275527,50.44920459843706,199.0,169.1939873053343,159.5364116898054,50.24448247696273,49.826740767399315,0.5,Check-up 2,25.0,Cell 11,1.0,IE10522060009,1.6,2022/11/02,5,2.98228,32,10,0,0,,3.29415,,0.0093817,0,2.88113,0.0031586,2024-01-11 12:34:10.000002
16,74.296,0.0008031236098067345,-0.2402851110032923,50.44920459843706,199.0,169.1939873053343,159.5364116898054,50.24448247696273,49.826740767399315,0.5,Check-up 2,25.0,Cell 11,1.0,IE10522060009,1.6,2022/11/02,5,2.98228,32,10,0,0,,3.29415,,0.0093817,0,2.88113,0.0031586,2024-01-11 12:34:10.0000020
16,116.016,0.0007165312104186392,-0.193577952943783,50.44920459843706,199.0,169.1939873053343,159.5364116898054,50.24448247696273,49.826740767399315,0.5,Check-up 2,25.0,Cell 11,1.0,IE10522060009,1.6,2022/11/02,5,2.98228,32,10,0,0,,3.29415,,0.0093817,0,2.88113,0.0031586,2024-01-11 12:34:10.0000021
16,181.16,0.0006491881880012605,-0.09533925944377573,50.44920459843706,199.0,169.1939873053343,159.5364116898054,50.24448247696273,49.826740767399315,0.5,Check-up 2,25.0,Cell 11,1.0,IE10522060009,1.6,2022/11/02,5,2.98228,32,10,0,0,,3.29415,,0.0093817,0,2.88113,0.0031586,2024-01-11 12:34:10.0000022
16,282.886,0.0006101260819144597,0.05619451928133407,50.44920459843706,199.0,169.1939873053343,159.5364116898054,50.24448247696273,49.826740767399315,0.5,Check-up 2,25.0,Cell 11,1.0,IE10522060009,1.6,2022/11/02,5,2.98228,32,10,0,0,,3.29415,,0.0093817,0,2.88113,0.0031586,2024-01-11 12:34:10.0000023
16,441.734,0.0006095548034852977,0.26008711275497426,50.44920459843706,199.0,169.1939873053343,159.5364116898054,50.24448247696273,49.826740767399315,0.5,Check-up 2,25.0,Cell 11,1.0,IE10522060009,1.6,2022/11/02,5,2.98228,32,10,0,0,,3.29415,,0.0093817,0,2.88113,0.0031586,2024-01-11 12:34:10.0000024
16,689.778,0.0006671638107429089,0.5034852394214424,50.44920459843706,199.0,169.1939873053343,159.5364116898054,50.24448247696273,49.826740767399315,0.5,Check-up 2,25.0,Cell 11,1.0,IE10522060009,1.6,2022/11/02,5,2.98228,32,10,0,0,,3.29415,,0.0093817,0,2.88113,0.0031586,2024-01-11 12:34:10.0000025
16,1077.11,0.0008195316473462145,0.7410261231321603,50.44920459843706,199.0,169.1939873053343,159.5364116898054,50.24448247696273,49.826740767399315,0.5,Check-up 2,25.0,Cell 11,1.0,IE10522060009,1.6,2022/11/02,5,2.98228,32,10,0,0,,3.29415,,0.0093817,0,2.88113,0.0031586,2024-01-11 12:34:10.0000026
16,1681.92,0.0011053257165098442,0.9401354059883074,50.44920459843706,199.0,169.1939873053343,159.5364116898054,50.24448247696273,49.826740767399315,0.5,Check-up 2,25.0,Cell 11,1.0,IE10522060009,1.6,2022/11/02,5,2.98228,32,10,0,0,,3.29415,,0.0093817,0,2.88113,0.0031586,2024-01-11 12:34:10.0000027
16,2626.36,0.0016079928016008032,1.0578905857301875,50.44920459843706,199.0,169.1939873053343,159.5364116898054,50.24448247696273,49.826740767399315,0.5,Check-up 2,25.0,Cell 11,1.0,IE10522060009,1.6,2022/11/02,5,2.98228,32,10,0,0,,3.29415,,0.0093817,0,2.88113,0.0031586,2024-01-11 12:34:10.0000028
16,4101.13,0.0023405072223345092,1.0800375150614918,50.44920459843706,199.0,169.1939873053343,159.5364116898054,50.24448247696273,49.826740767399315,0.5,Check-up 2,25.0,Cell 11,1.0,IE10522060009,1.6,2022/11/02,5,2.98228,32,10,0,0,,3.29415,,0.0093817,0,2.88113,0.0031586,2024-01-11 12:34:10.0000029
16,0.038,0.0016899381713968119,-0.30089895363823704,50.44920459843706,199.0,169.1939873053343,159.5364116898054,50.24448247696273,49.826740767399315,0.5,Check-up 2,25.0,Cell 11,1.0,IE10522060009,1.6,2022/11/02,5,2.98228,32,10,0,0,,3.29415,,0.0093817,0,2.88113,0.0031586,2024-01-11 12:34:10.000003
16,6404.0,0.0035190000562801927,1.0966538112634017,50.44920459843706,199.0,169.1939873053343,159.5364116898054,50.24448247696273,49.826740767399315,0.5,Check-up 2,25.0,Cell 11,1.0,IE10522060009,1.6,2022/11/02,5,2.98228,32,10,0,0,,3.29415,,0.0093817,0,2.88113,0.0031586,2024-01-11 12:34:10.0000030
16,10000.0,0.011430953558496335,0.7585648611473924,50.44920459843706,199.0,169.1939873053343,159.5364116898054,50.24448247696273,49.826740767399315,0.5,Check-up 2,25.0,Cell 11,1.0,IE10522060009,1.6,2022/11/02,5,2.98228,32,10,0,0,,3.29415,,0.0093817,0,2.88113,0.0031586,2024-01-11 12:34:10.0000031
16,0.06,0.001561482461193849,-0.24229870047110783,50.44920459843706,199.0,169.1939873053343,159.5364116898054,50.24448247696273,49.826740767399315,0.5,Check-up 2,25.0,Cell 11,1.0,IE10522060009,1.6,2022/11/02,5,2.98228,32,10,0,0,,3.29415,,0.0093817,0,2.88113,0.0031586,2024-01-11 12:34:10.000004
16,0.092,0.0014811234877808131,-0.20393667964347292,50.44920459843706,199.0,169.1939873053343,159.5364116898054,50.24448247696273,49.826740767399315,0.5,Check-up 2,25.0,Cell 11,1.0,IE10522060009,1.6,2022/11/02,5,2.98228,32,10,0,0,,3.29415,,0.0093817,0,2.88113,0.0031586,2024-01-11 12:34:10.000005
16,0.144,0.0014222851734195221,-0.16322783615009054,50.44920459843706,199.0,169.1939873053343,159.5364116898054,50.24448247696273,49.826740767399315,0.5,Check-up 2,25.0,Cell 11,1.0,IE10522060009,1.6,2022/11/02,5,2.98228,32,10,0,0,,3.29415,,0.0093817,0,2.88113,0.0031586,2024-01-11 12:34:10.000006
16,0.226,0.0013744945584835903,-0.13724364457590368,50.44920459843706,199.0,169.1939873053343,159.5364116898054,50.24448247696273,49.826740767399315,0.5,Check-up 2,25.0,Cell 11,1.0,IE10522060009,1.6,2022/11/02,5,2.98228,32,10,0,0,,3.29415,,0.0093817,0,2.88113,0.0031586,2024-01-11 12:34:10.000007
16,0.354,0.0013386286510081874,-0.1134711638776457,50.44920459843706,199.0,169.1939873053343,159.5364116898054,50.24448247696273,49.826740767399315,0.5,Check-up 2,25.0,Cell 11,1.0,IE10522060009,1.6,2022/11/02,5,2.98228,32,10,0,0,,3.29415,,0.0093817,0,2.88113,0.0031586,2024-01-11 12:34:10.000008
16,0.552,0.001308430574427241,-0.09995307256008228,50.44920459843706,199.0,169.1939873053343,159.5364116898054,50.24448247696273,49.826740767399315,0.5,Check-up 2,25.0,Cell 11,1.0,IE10522060009,1.6,2022/11/02,5,2.98228,32,10,0,0,,3.29415,,0.0093817,0,2.88113,0.0031586,2024-01-11 12:34:10.000009
