File,SOH,seg_id,direction,I_A,C_rate,step_dur_s,OCV_V,R0_ohm,R1_ohm,tau1_s,C1_F,R2_ohm,tau2_s,C2_F,V1_0_mV,V2_0_mV,R0_jump_ohm,R0_consistent,rmse_mV,degenerate,n_points
cell003_cyc,NA,4,DCH,-1.408,-0.469,3642.2,2.912,0.06204,0.10903,35.128,322.2,0.12188,592.0,4857.4,-153.53,-171.26,0.0382,False,2.959,False,1838
cell003_cyc,NA,6,CHA,1.403,0.468,0.0,2.9926,0.02477,-7.43404,60.0,-8.1,-11626.85203,4004.79,-0.3,-3.48,-81.46,0.0225,True,0.416,False,14408
cell003_cyc,NA,8,CHA,1.408,0.469,6619.4,4.1081,0.02502,0.02278,25.261,1108.8,0.01739,228.73,13154.6,32.08,24.49,0.01744,False,0.536,False,908
cell003_cyc,NA,10,DCH,-1.408,-0.469,4320.3,3.5852,0.01986,0.0166,37.4,2253.5,0.01055,253.47,24016.6,-23.37,-14.86,0.01744,False,0.862,False,907
cell003_cyc,NA,12,CHA,1.408,0.469,4322.1,4.1076,0.02655,0.02276,28.44,1249.4,0.0162,244.42,15090.7,32.05,22.81,0.02147,False,1.061,False,909
cell003_cyc,NA,14,DCH,-1.408,-0.469,4320.3,3.5826,0.01968,0.01654,36.748,2221.4,0.0102,254.77,24967.4,-23.29,-14.37,0.01728,False,0.868,False,907
cell003_cyc,NA,16,CHA,1.408,0.469,4321.3,4.108,0.02659,0.02234,27.543,1232.7,0.01639,230.9,14085.0,31.46,23.09,0.02139,False,0.4,False,908
cell003_cyc,NA,18,DCH,-1.408,-0.469,4320.3,3.5809,0.01967,0.01579,34.986,2215.3,0.01042,229.21,22001.5,-22.24,-14.67,0.01736,False,0.228,False,906
cell003_cyc,NA,20,CHA,1.408,0.469,4316.8,4.1075,0.02703,0.02281,29.279,1283.4,0.01584,249.01,15715.9,32.12,22.31,0.02273,False,1.064,False,909
cell003_cyc,NA,22,DCH,-1.408,-0.469,4320.3,3.5794,0.01969,0.01635,36.79,2249.7,0.00972,257.79,26509.9,-23.03,-13.69,0.0172,False,0.869,False,907
cell003_cyc,NA,24,CHA,1.408,0.469,4318.7,4.1078,0.02683,0.02244,27.915,1243.7,0.01624,234.41,14437.2,31.61,22.86,0.02265,False,0.378,False,908
cell003_cyc,NA,26,DCH,-1.408,-0.469,4320.3,3.5778,0.01949,0.01567,34.362,2192.4,0.01008,230.3,22847.4,-22.07,-14.19,0.01744,False,0.232,False,905
cell003_cyc,NA,28,CHA,1.408,0.469,4318.0,4.1077,0.0266,0.02256,27.067,1199.6,0.0164,230.31,14039.3,31.77,23.1,0.02273,False,0.399,False,908
cell003_cyc,NA,30,DCH,-1.408,-0.469,4320.3,3.5767,0.01973,0.01565,35.808,2288.6,0.00973,241.15,24790.1,-22.03,-13.7,0.01744,False,0.217,False,905
cell003_cyc,NA,32,CHA,1.408,0.469,4320.9,4.1077,0.02692,0.02239,28.124,1256.1,0.01615,234.38,14511.6,31.53,22.74,0.02233,False,0.38,False,908
cell003_cyc,NA,34,DCH,-1.408,-0.469,4320.4,3.5762,0.01956,0.01552,34.766,2240.1,0.0098,235.97,24074.4,-21.85,-13.8,0.01744,False,0.218,False,905
cell003_cyc,NA,36,CHA,1.408,0.469,4320.4,4.1077,0.02641,0.02261,26.874,1188.7,0.01641,229.41,13976.5,31.84,23.11,0.02289,False,0.407,False,908
cell003_cyc,NA,38,DCH,-1.408,-0.469,4320.3,3.5755,0.0197,0.01548,35.287,2280.2,0.00963,237.59,24659.8,-21.79,-13.57,0.01752,False,0.218,False,905
cell003_cyc,NA,40,CHA,1.408,0.469,4319.8,4.1076,0.02708,0.02239,28.255,1261.7,0.01614,234.99,14557.4,31.54,22.73,0.02289,False,0.368,False,908
cell003_cyc,NA,42,DCH,-1.408,-0.469,4320.2,3.5748,0.0196,0.01541,35.002,2270.9,0.00955,236.45,24764.0,-21.7,-13.45,0.01744,False,0.22,False,905
cell003_cyc,NA,44,CHA,1.408,0.469,4318.3,4.1076,0.02668,0.02257,27.243,1207.2,0.01632,230.4,14118.2,31.78,22.98,0.02297,False,0.394,False,908
cell003_cyc,NA,46,DCH,-1.408,-0.469,4320.3,3.574,0.01975,0.01535,35.434,2309.1,0.00941,240.71,25591.3,-21.61,-13.25,0.01752,False,0.218,False,905
cell003_cyc,NA,48,CHA,1.408,0.469,4320.5,4.1076,0.02673,0.02251,27.316,1213.6,0.01629,230.23,14129.5,31.7,22.95,0.02289,False,0.391,False,908
cell003_cyc,NA,50,DCH,-1.408,-0.469,4320.4,3.5736,0.01965,0.01537,35.643,2319.2,0.00924,246.13,26634.7,-21.64,-13.01,0.01736,False,0.22,False,905
cell003_cyc,NA,52,CHA,1.408,0.469,4320.2,4.1076,0.02694,0.02247,27.892,1241.5,0.01613,233.78,14494.2,31.64,22.71,0.02297,False,0.374,False,907
cell003_cyc,NA,54,DCH,-1.408,-0.469,4320.4,3.5732,0.01979,0.01526,35.655,2336.1,0.00922,244.5,26505.7,-21.49,-12.99,0.01744,False,0.215,False,905
cell003_cyc,NA,56,CHA,1.408,0.469,4318.7,4.1075,0.02689,0.02248,27.325,1215.3,0.01629,231.27,14193.1,31.66,22.95,0.02312,False,0.382,False,907
cell003_cyc,NA,58,DCH,-1.408,-0.469,4320.3,3.5725,0.01978,0.0152,35.722,2349.9,0.00912,245.64,26931.6,-21.41,-12.84,0.01752,False,0.218,False,905
cell003_cyc,NA,60,CHA,1.408,0.469,4319.7,4.1075,0.02684,0.02249,27.052,1203.1,0.01637,230.41,14072.2,31.66,23.06,0.02312,False,0.391,False,908
cell003_cyc,NA,62,DCH,-1.408,-0.469,4320.4,3.572,0.0197,0.01518,35.725,2353.6,0.00907,245.89,27103.9,-21.37,-12.77,0.01744,False,0.219,False,905
cell003_cyc,NA,64,CHA,1.408,0.469,4319.7,4.1074,0.02737,0.02231,28.222,1264.8,0.0161,234.59,14572.4,31.42,22.67,0.02304,False,0.361,False,908
cell003_cyc,NA,66,DCH,-1.408,-0.469,4320.3,3.5715,0.01968,0.01502,35.086,2335.6,0.00914,241.59,26424.1,-21.15,-12.87,0.01744,False,0.224,False,905
cell003_cyc,NA,68,CHA,1.408,0.469,4321.9,4.1076,0.02711,0.02238,27.71,1238.4,0.01617,232.23,14361.9,31.51,22.77,0.02297,False,0.373,False,908
cell003_cyc,NA,70,DCH,-1.408,-0.469,4320.2,3.5715,0.01955,0.01511,34.663,2293.9,0.00913,241.46,26442.3,-21.28,-12.86,0.01736,False,0.234,False,905
cell003_cyc,NA,72,CHA,1.408,0.469,4317.2,4.1074,0.02746,0.02231,28.4,1272.9,0.01601,235.73,14725.2,31.42,22.54,0.0232,False,0.36,False,907
cell003_cyc,NA,74,DCH,-1.408,-0.469,4320.4,3.5706,0.01972,0.01498,35.376,2361.5,0.00893,244.25,27365.4,-21.09,-12.57,0.01744,False,0.231,False,905
cell003_cyc,NA,76,CHA,1.408,0.469,4320.8,4.1074,0.02728,0.02243,28.063,1250.9,0.01606,235.84,14685.2,31.59,22.62,0.02304,False,0.376,False,908
cell003_cyc,NA,78,DCH,-1.408,-0.469,4320.4,3.5703,0.01955,0.01494,34.574,2313.9,0.00901,240.4,26674.2,-21.04,-12.69,0.01744,False,0.238,False,905
cell003_cyc,NA,80,CHA,1.408,0.469,4319.0,4.1073,0.02696,0.02255,27.082,1201.2,0.01631,231.11,14168.1,31.75,22.97,0.02304,False,0.397,False,908
cell003_cyc,NA,82,DCH,-1.408,-0.469,4320.4,3.5699,0.0197,0.01483,35.053,2364.0,0.00893,244.13,27324.9,-20.88,-12.58,0.01752,False,0.224,False,905
cell003_cyc,NA,84,CHA,1.408,0.469,4321.5,4.1074,0.02697,0.0225,27.203,1209.2,0.01626,231.17,14214.2,31.68,22.9,0.02297,False,0.393,False,908
cell003_cyc,NA,86,DCH,-1.408,-0.469,4320.4,3.5698,0.0197,0.01474,34.833,2363.7,0.00894,242.14,27099.1,-20.75,-12.58,0.01744,False,0.222,False,905
cell003_cyc,NA,88,CHA,1.408,0.469,4318.7,4.1074,0.0269,0.02256,26.897,1192.5,0.0163,230.06,14117.7,31.76,22.95,0.02289,False,0.406,False,909
cell003_cyc,NA,90,DCH,-1.408,-0.469,4320.3,3.5692,0.01964,0.01457,34.088,2339.9,0.00905,235.15,25983.4,-20.51,-12.74,0.01744,False,0.222,False,905
cell003_cyc,NA,92,CHA,1.408,0.469,4319.9,4.1073,0.02743,0.02237,28.233,1262.1,0.01603,235.65,14700.1,31.5,22.57,0.02352,False,0.359,False,907
cell003_cyc,NA,94,DCH,-1.408,-0.469,4320.3,3.5688,0.01951,0.01439,32.939,2288.2,0.00922,227.59,24695.6,-20.27,-12.98,0.01744,False,0.228,False,905
cell003_cyc,NA,96,CHA,1.408,0.469,4318.4,4.1072,0.02752,0.02237,28.201,1260.7,0.01604,235.3,14666.8,31.5,22.59,0.02336,False,0.363,False,907
cell003_cyc,NA,98,DCH,-1.408,-0.469,4320.4,3.5682,0.01953,0.01434,32.943,2297.7,0.00919,229.27,24938.4,-20.19,-12.95,0.01736,False,0.225,False,905
cell003_cyc,NA,100,CHA,1.408,0.469,4321.1,4.1073,0.02717,0.0225,27.321,1214.5,0.0162,231.49,14289.7,31.68,22.81,0.02336,False,0.387,False,907
cell003_cyc,NA,102,DCH,-1.408,-0.469,4320.3,3.5682,0.01971,0.01443,34.139,2366.2,0.00892,239.54,26843.3,-20.32,-12.57,0.01744,False,0.215,False,905
cell003_cyc,NA,104,CHA,1.408,0.469,4320.5,4.1073,0.02723,0.02245,27.453,1222.8,0.01618,232.37,14359.4,31.61,22.79,0.02328,False,0.381,False,907
cell003_cyc,NA,106,DCH,-1.408,-0.469,4320.4,3.5679,0.01937,0.01436,32.137,2238.7,0.00925,228.38,24701.3,-20.21,-13.02,0.01744,True,0.236,False,906
cell003_cyc,NA,108,CHA,1.408,0.469,4318.9,4.1072,0.02687,0.02264,26.518,1171.4,0.01638,229.59,14014.9,31.88,23.07,0.0232,False,0.418,False,909
cell003_cyc,NA,110,DCH,-1.408,-0.469,4320.3,3.5675,0.01964,0.01426,33.427,2343.9,0.009,235.77,26193.9,-20.08,-12.67,0.01744,False,0.216,False,905
cell003_cyc,NA,112,CHA,1.408,0.469,4319.4,4.1071,0.02716,0.0225,27.317,1214.0,0.01624,232.63,14323.9,31.69,22.87,0.02344,False,0.381,False,907
cell003_cyc,NA,114,DCH,-1.408,-0.469,4320.2,3.5671,0.01968,0.01429,33.794,2364.3,0.00891,241.52,27118.2,-20.13,-12.54,0.01744,False,0.22,False,905
cell003_cyc,NA,116,CHA,1.408,0.469,4320.1,4.1071,0.02748,0.02234,27.685,1239.3,0.01615,232.46,14389.6,31.46,22.75,0.02304,False,0.377,False,908
cell003_cyc,NA,118,DCH,-1.408,-0.469,4320.4,3.5669,0.01957,0.01427,32.846,2302.5,0.00902,237.88,26363.3,-20.09,-12.71,0.0176,False,0.226,False,905
cell003_cyc,NA,120,CHA,1.408,0.469,4322.1,4.1073,0.02701,0.02247,26.707,1188.3,0.01635,228.99,14006.8,31.65,23.02,0.02344,False,0.397,False,908
cell003_cyc,NA,122,DCH,-1.408,-0.469,4320.4,3.5671,0.01966,0.0144,33.891,2353.5,0.00878,245.67,27985.5,-20.28,-12.36,0.01744,False,0.222,False,905
cell003_cyc,NA,124,CHA,1.408,0.469,4317.3,4.1071,0.02726,0.02247,27.124,1207.3,0.01625,231.03,14213.6,31.64,22.89,0.02312,False,0.389,False,908
cell003_cyc,NA,126,DCH,-1.408,-0.469,4320.2,3.5663,0.01969,0.01422,33.835,2379.2,0.00876,244.51,27909.1,-20.03,-12.34,0.01744,False,0.222,False,905
cell003_cyc,NA,128,CHA,1.408,0.469,4320.8,4.1071,0.02703,0.02253,26.755,1187.6,0.01632,229.94,14088.3,31.73,22.98,0.0232,False,0.408,False,908
cell003_cyc,NA,130,DCH,-1.408,-0.469,4320.3,3.5662,0.0197,0.01425,33.764,2369.4,0.00873,245.44,28117.0,-20.07,-12.29,0.01744,False,0.223,False,905
cell003_cyc,NA,132,CHA,1.408,0.469,4318.8,4.1069,0.02764,0.02243,28.083,1251.8,0.01603,235.78,14707.8,31.59,22.57,0.02312,False,0.377,False,908
cell003_cyc,NA,134,DCH,-1.408,-0.469,4320.3,3.5657,0.01967,0.01419,33.188,2338.9,0.0088,244.75,27818.3,-19.98,-12.39,0.01752,False,0.227,False,905
cell003_cyc,NA,136,CHA,1.408,0.469,4321.8,4.1071,0.02742,0.0224,27.647,1234.2,0.01611,234.23,14540.4,31.54,22.68,0.02304,False,0.382,False,908
cell003_cyc,NA,138,DCH,-1.408,-0.469,4320.4,3.5658,0.01954,0.01412,32.566,2305.9,0.00888,240.78,27123.1,-19.89,-12.5,0.01752,False,0.231,False,905
cell003_cyc,NA,140,CHA,1.408,0.469,4318.5,4.107,0.02764,0.02238,27.94,1248.4,0.01605,234.58,14616.4,31.52,22.6,0.0236,False,0.372,False,907
cell003_cyc,NA,142,DCH,-1.408,-0.469,4320.3,3.5652,0.01953,0.01405,32.271,2296.3,0.00891,237.55,26672.4,-19.79,-12.54,0.01744,False,0.225,False,905
cell003_cyc,NA,144,CHA,1.408,0.469,4320.5,4.107,0.02755,0.02237,27.87,1245.9,0.01608,234.69,14597.2,31.5,22.64,0.02328,False,0.373,False,908
cell003_cyc,NA,146,DCH,-1.408,-0.469,4320.4,3.565,0.01948,0.01399,32.124,2296.9,0.00887,235.76,26568.6,-19.69,-12.5,0.01744,False,0.226,False,905
cell003_cyc,NA,148,CHA,1.408,0.469,4318.3,4.1068,0.02783,0.02235,28.203,1261.9,0.01601,236.0,14736.3,31.47,22.55,0.0236,False,0.366,False,908
cell003_cyc,NA,150,DCH,-1.408,-0.469,4320.3,3.5645,0.01964,0.01392,32.544,2337.1,0.0088,239.95,27273.1,-19.61,-12.39,0.01744,False,0.223,False,905
cell003_cyc,NA,152,CHA,1.408,0.469,4320.9,4.1069,0.02768,0.0224,27.9,1245.5,0.01603,233.79,14582.6,31.54,22.58,0.0236,False,0.369,False,907
cell003_cyc,NA,154,DCH,-1.408,-0.469,4320.2,3.5645,0.01955,0.014,32.506,2322.2,0.00873,243.39,27873.0,-19.71,-12.3,0.01744,False,0.227,False,905
cell003_cyc,NA,156,CHA,1.408,0.469,4320.9,4.107,0.02766,0.02235,27.745,1241.5,0.01607,233.88,14554.0,31.47,22.63,0.02399,False,0.365,False,907
cell003_cyc,NA,158,DCH,-1.408,-0.469,4320.3,3.5645,0.01951,0.01398,31.847,2278.3,0.00883,238.15,26962.9,-19.68,-12.44,0.01752,False,0.233,False,905
cell003_cyc,NA,160,CHA,1.408,0.469,4318.6,4.1068,0.02766,0.02248,27.858,1239.1,0.01605,236.81,14752.0,31.66,22.6,0.0236,False,0.378,False,907
cell003_cyc,NA,162,DCH,-1.408,-0.469,4320.4,3.564,0.01948,0.01387,31.443,2266.6,0.00885,237.09,26789.1,-19.53,-12.46,0.0176,True,0.229,False,905
cell003_cyc,NA,164,CHA,1.408,0.469,4319.8,4.1068,0.02741,0.02254,27.079,1201.5,0.01623,232.49,14324.6,31.74,22.85,0.02336,False,0.393,False,908
cell003_cyc,NA,166,DCH,-1.408,-0.469,4320.4,3.5637,0.01973,0.01384,32.517,2349.8,0.00869,244.31,28123.7,-19.49,-12.23,0.01752,False,0.219,False,905
cell003_cyc,NA,168,CHA,1.408,0.469,4319.8,4.1068,0.02789,0.02222,28.081,1263.6,0.01603,234.47,14629.0,31.29,22.57,0.02368,False,0.36,False,907
cell003_cyc,NA,170,DCH,-1.408,-0.469,4320.4,3.5634,0.01964,0.01376,32.018,2326.2,0.00874,241.16,27602.7,-19.38,-12.3,0.01752,False,0.221,False,905
cell003_cyc,NA,172,CHA,1.408,0.469,4322.3,4.107,0.02725,0.02251,26.571,1180.4,0.01631,229.95,14097.2,31.7,22.97,0.02352,False,0.404,False,908
cell003_cyc,NA,174,DCH,-1.408,-0.469,4320.3,3.5637,0.01971,0.01389,32.736,2357.6,0.00859,246.0,28646.3,-19.55,-12.09,0.0176,False,0.219,False,905
cell003_cyc,NA,176,CHA,1.408,0.469,4317.1,4.1067,0.02771,0.02242,27.584,1230.1,0.01609,233.65,14524.2,31.58,22.65,0.02344,False,0.379,False,908
cell003_cyc,NA,178,DCH,-1.408,-0.469,4320.4,3.563,0.01958,0.01388,32.016,2306.5,0.00858,245.64,28631.3,-19.55,-12.08,0.01767,True,0.23,False,905
cell003_cyc,NA,180,CHA,1.408,0.469,4321.3,4.1068,0.02782,0.02241,27.983,1248.8,0.016,236.68,14792.3,31.55,22.53,0.02352,False,0.372,False,908
cell003_cyc,NA,182,DCH,-1.408,-0.469,4320.4,3.563,0.01961,0.01385,31.981,2309.9,0.00859,244.42,28461.2,-19.5,-12.09,0.0176,False,0.226,False,905
cell003_cyc,NA,184,CHA,1.408,0.469,4318.7,4.1067,0.0278,0.0224,27.712,1237.2,0.01608,234.15,14562.6,31.54,22.64,0.02383,False,0.37,False,907
cell003_cyc,NA,186,DCH,-1.408,-0.469,4320.3,3.5625,0.01947,0.01385,31.375,2266.0,0.00865,244.12,28235.4,-19.5,-12.17,0.01752,False,0.234,False,905
cell003_cyc,NA,188,CHA,1.408,0.469,4322.3,4.1068,0.02783,0.02235,27.894,1248.1,0.01602,235.63,14710.3,31.47,22.56,0.02368,False,0.364,False,907
cell003_cyc,NA,190,DCH,-1.408,-0.469,4320.3,3.5628,0.01952,0.01376,31.791,2310.1,0.00862,245.83,28521.7,-19.38,-12.14,0.01744,False,0.22,False,905
cell003_cyc,NA,192,CHA,1.408,0.469,4318.3,4.1068,0.02746,0.02253,26.903,1193.9,0.01622,230.91,14234.8,31.73,22.84,0.02383,False,0.398,False,908
cell003_cyc,NA,194,DCH,-1.408,-0.469,4320.3,3.5623,0.01971,0.01373,32.161,2343.1,0.00851,246.63,28997.8,-19.33,-11.98,0.0176,False,0.217,False,905
cell003_cyc,NA,196,CHA,1.408,0.469,4319.8,4.1067,0.02788,0.02231,28.034,1256.7,0.016,235.42,14714.6,31.41,22.53,0.02376,False,0.365,False,907
cell003_cyc,NA,198,DCH,-1.408,-0.469,4320.4,3.562,0.01959,0.01368,31.529,2305.0,0.00855,243.6,28493.4,-19.26,-12.04,0.01752,False,0.224,False,905
cell003_cyc,NA,200,CHA,1.408,0.469,4319.1,4.1066,0.02761,0.02246,27.194,1211.0,0.01617,231.82,14339.0,31.62,22.77,0.02391,False,0.385,False,907
cell003_cyc,NA,202,DCH,-1.408,-0.469,4320.3,3.5616,0.01972,0.01363,32.039,2351.2,0.00846,247.6,29260.6,-19.19,-11.92,0.01752,False,0.217,False,905
cell003_cyc,NA,204,CHA,1.408,0.469,4321.4,4.1067,0.02762,0.02245,27.081,1206.4,0.01619,231.04,14271.2,31.61,22.8,0.0236,False,0.389,False,908
cell003_cyc,NA,206,DCH,-1.408,-0.469,4320.3,3.5617,0.01977,0.01367,32.403,2371.0,0.00838,252.95,30199.1,-19.24,-11.79,0.01752,False,0.218,False,905
cell003_cyc,NA,208,CHA,1.408,0.469,4320.4,4.1067,0.02776,0.02244,27.765,1237.5,0.01598,235.07,14710.1,31.59,22.5,0.02383,False,0.374,False,907
cell003_cyc,NA,210,DCH,-1.408,-0.469,4320.5,3.5616,0.01945,0.01371,30.705,2240.0,0.00861,243.17,28254.6,-19.3,-12.12,0.01752,True,0.242,False,906
cell003_cyc,NA,212,CHA,1.408,0.469,4319.1,4.1066,0.02797,0.02237,27.934,1248.5,0.01599,236.23,14769.9,31.51,22.52,0.02376,False,0.369,False,907
cell003_cyc,NA,214,DCH,-1.408,-0.469,4320.4,3.5612,0.01959,0.01362,31.235,2293.7,0.00848,246.71,29109.2,-19.18,-11.93,0.01752,False,0.227,False,905
cell003_cyc,NA,216,CHA,1.408,0.469,4320.3,4.1066,0.02742,0.02259,26.596,1177.1,0.01629,230.77,14169.9,31.82,22.93,0.0236,False,0.41,False,909
cell003_cyc,NA,218,DCH,-1.408,-0.469,4320.3,3.5611,0.01975,0.01356,31.78,2343.2,0.00841,249.8,29690.0,-19.1,-11.85,0.0176,False,0.22,False,905
cell003_cyc,NA,220,CHA,1.408,0.469,4319.0,4.1065,0.02794,0.02241,27.709,1236.4,0.01604,235.16,14660.1,31.56,22.59,0.02368,False,0.373,False,908
cell003_cyc,NA,222,DCH,-1.408,-0.469,4320.3,3.5607,0.01956,0.01356,30.922,2280.5,0.00849,247.09,29096.4,-19.09,-11.96,0.01752,False,0.229,False,905
cell003_cyc,NA,224,CHA,1.408,0.469,4322.6,4.1067,0.02784,0.02237,27.503,1229.7,0.01608,234.57,14592.0,31.49,22.64,0.02376,False,0.37,False,907
cell003_cyc,NA,226,DCH,-1.408,-0.469,4320.4,3.561,0.01954,0.01359,30.858,2270.5,0.00852,244.52,28711.6,-19.14,-11.99,0.0176,True,0.234,False,905
cell003_cyc,NA,228,CHA,1.408,0.469,4317.1,4.1065,0.02814,0.02229,28.18,1264.3,0.01592,236.72,14870.1,31.39,22.42,0.02383,False,0.366,False,907
cell003_cyc,NA,230,DCH,-1.408,-0.469,4320.4,3.5602,0.01966,0.01351,31.287,2315.1,0.00836,249.78,29861.9,-19.03,-11.78,0.0176,False,0.223,False,905
cell003_cyc,NA,232,CHA,1.408,0.469,4321.5,4.1065,0.02818,0.0223,28.152,1262.5,0.01593,237.47,14905.4,31.4,22.44,0.02376,False,0.371,False,908
cell003_cyc,NA,234,DCH,-1.408,-0.469,4320.3,3.5603,0.01977,0.01356,31.792,2345.0,0.00827,252.39,30504.7,-19.09,-11.65,0.01767,False,0.222,False,905
cell003_cyc,NA,236,CHA,1.408,0.469,4318.4,4.1064,0.02781,0.0225,27.175,1207.6,0.01614,232.63,14409.8,31.69,22.73,0.02376,False,0.39,False,908
cell003_cyc,NA,238,DCH,-1.408,-0.469,4320.2,3.5599,0.01981,0.01344,31.88,2372.0,0.00827,253.81,30699.2,-18.93,-11.64,0.01767,False,0.213,False,905
cell003_cyc,NA,240,CHA,1.408,0.469,4322.2,4.1065,0.028,0.0224,27.851,1243.3,0.01598,236.0,14772.5,31.54,22.5,0.02391,False,0.369,False,907
cell003_cyc,NA,242,DCH,-1.408,-0.469,4320.4,3.5601,0.01951,0.01349,30.54,2263.1,0.00844,246.85,29257.1,-19.0,-11.88,0.01752,False,0.224,False,905
cell003_cyc,NA,244,CHA,1.408,0.469,4318.4,4.1065,0.02809,0.02235,27.819,1244.7,0.01598,234.97,14706.1,31.47,22.5,0.02383,False,0.372,False,907
cell003_cyc,NA,246,DCH,-1.408,-0.469,4320.3,3.5597,0.01957,0.01346,30.529,2268.2,0.00842,246.11,29231.6,-18.95,-11.86,0.01752,False,0.223,False,905
cell003_cyc,NA,248,CHA,1.408,0.469,4319.9,4.1065,0.02775,0.02247,27.17,1209.3,0.01613,232.89,14433.8,31.64,22.72,0.02352,False,0.392,False,908
cell003_cyc,NA,250,DCH,-1.408,-0.469,4320.3,3.5594,0.01941,0.01339,29.404,2196.4,0.00854,237.63,27811.1,-18.85,-12.03,0.0176,True,0.233,False,906
cell003_cyc,NA,252,CHA,1.408,0.469,4318.7,4.1064,0.02779,0.02245,26.874,1197.0,0.01623,230.98,14230.3,31.62,22.86,0.0236,False,0.397,False,908
cell003_cyc,NA,254,DCH,-1.408,-0.469,4320.3,3.5591,0.01981,0.01334,31.16,2335.1,0.00828,251.01,30328.9,-18.79,-11.65,0.0176,False,0.215,False,905
cell003_cyc,NA,256,CHA,1.408,0.469,4321.1,4.1064,0.02808,0.02236,27.879,1246.9,0.01596,235.29,14743.8,31.48,22.47,0.02399,False,0.368,False,907
cell003_cyc,NA,258,DCH,-1.408,-0.469,4320.3,3.5591,0.01957,0.01341,30.606,2282.1,0.00832,250.05,30041.2,-18.89,-11.72,0.0176,False,0.227,False,905
cell003_cyc,NA,260,CHA,1.408,0.469,4320.9,4.1065,0.02784,0.02248,27.353,1216.6,0.01604,234.2,14601.9,31.66,22.59,0.02376,False,0.387,False,908
cell003_cyc,NA,262,DCH,-1.408,-0.469,4320.3,3.5591,0.01945,0.01343,29.556,2200.7,0.00848,243.21,28686.5,-18.91,-11.94,0.0176,True,0.238,False,906
cell003_cyc,NA,264,CHA,1.408,0.469,4318.3,4.1063,0.02812,0.0224,27.663,1235.1,0.01602,235.49,14701.9,31.54,22.56,0.02376,False,0.379,False,908
cell003_cyc,NA,266,DCH,-1.408,-0.469,4320.3,3.5587,0.01955,0.01333,29.76,2232.9,0.00841,245.58,29195.9,-18.77,-11.84,0.0176,True,0.225,False,905
cell003_cyc,NA,268,CHA,1.408,0.469,4320.1,4.1063,0.02758,0.02265,26.592,1174.3,0.01621,232.33,14329.4,31.89,22.83,0.0236,False,0.417,False,909
cell003_cyc,NA,270,DCH,-1.408,-0.469,4320.4,3.5585,0.01976,0.01329,30.526,2296.1,0.0083,249.48,30072.3,-18.72,-11.68,0.01767,False,0.218,False,905
cell003_cyc,NA,272,CHA,1.408,0.469,4319.4,4.1063,0.02781,0.02255,26.751,1186.3,0.0162,231.7,14304.7,31.76,22.81,0.02383,False,0.402,False,908
cell003_cyc,NA,274,DCH,-1.408,-0.469,4320.3,3.5583,0.0197,0.01325,30.386,2293.5,0.00832,251.01,30154.9,-18.66,-11.72,0.0176,False,0.216,False,905
cell003_cyc,NA,276,CHA,1.408,0.469,4322.6,4.1065,0.02765,0.02253,26.502,1176.4,0.01625,230.73,14203.1,31.72,22.88,0.02368,False,0.408,False,909
cell003_cyc,NA,278,DCH,-1.408,-0.469,4320.4,3.5586,0.01968,0.01328,30.628,2306.4,0.00829,250.67,30254.4,-18.7,-11.67,0.0176,False,0.217,False,905
cell003_cyc,NA,280,CHA,1.408,0.469,4317.6,4.1063,0.02754,0.02266,26.091,1151.6,0.01631,229.03,14038.1,31.91,22.97,0.02368,False,0.43,False,909
cell003_cyc,NA,282,DCH,-1.408,-0.469,4320.4,3.558,0.0197,0.01325,30.306,2287.1,0.00827,249.9,30233.8,-18.66,-11.64,0.01767,False,0.215,False,905
cell003_cyc,NA,284,CHA,1.408,0.469,4321.3,4.1063,0.02784,0.02253,26.84,1191.2,0.01614,232.97,14435.2,31.73,22.73,0.02352,False,0.406,False,908
cell003_cyc,NA,286,DCH,-1.408,-0.469,4320.3,3.5581,0.01977,0.01324,30.897,2334.1,0.00817,252.13,30873.7,-18.64,-11.5,0.0176,False,0.215,False,905
cell003_cyc,NA,288,CHA,1.408,0.469,4318.4,4.1062,0.02799,0.02249,27.062,1203.4,0.01613,233.25,14461.4,31.67,22.71,0.02391,False,0.387,False,908
cell003_cyc,NA,290,DCH,-1.408,-0.469,4320.3,3.5577,0.01984,0.01321,30.839,2334.8,0.00817,255.73,31286.0,-18.6,-11.51,0.01767,False,0.213,False,905
cell003_cyc,NA,292,CHA,1.408,0.469,4321.6,4.1063,0.02796,0.02248,27.057,1203.4,0.0161,233.49,14502.1,31.66,22.67,0.02383,False,0.392,False,908
cell003_cyc,NA,294,DCH,-1.408,-0.469,4320.3,3.5578,0.01975,0.01324,30.696,2318.1,0.00818,257.22,31458.1,-18.65,-11.51,0.0176,False,0.214,False,905
cell003_cyc,NA,296,CHA,1.408,0.469,4319.3,4.1062,0.0281,0.02239,27.499,1228.1,0.01602,234.35,14630.0,31.53,22.56,0.02399,False,0.382,False,907
cell003_cyc,NA,298,DCH,-1.408,-0.469,4320.4,3.5575,0.01949,0.01329,29.047,2185.6,0.00838,246.36,29400.2,-18.71,-11.8,0.0176,True,0.232,False,906
cell003_cyc,NA,300,CHA,1.408,0.469,4320.3,4.1062,0.02829,0.02232,27.739,1242.8,0.016,235.45,14711.7,31.43,22.54,0.02423,False,0.37,False,907
cell003_cyc,NA,302,DCH,-1.408,-0.469,4320.3,3.5574,0.01958,0.01319,29.594,2243.9,0.0083,247.34,29808.2,-18.57,-11.68,0.0176,False,0.218,False,905
cell003_cyc,NA,304,CHA,1.408,0.469,4319.0,4.1061,0.02806,0.02246,27.118,1207.4,0.01614,232.99,14434.0,31.63,22.73,0.02399,False,0.387,False,908
cell003_cyc,NA,306,DCH,-1.408,-0.469,4320.4,3.5571,0.01975,0.01318,30.443,2310.6,0.00817,254.08,31114.4,-18.55,-11.5,0.0176,False,0.211,False,905
cell003_cyc,NA,308,CHA,1.408,0.469,4320.8,4.1062,0.02784,0.0225,26.751,1189.1,0.01619,230.82,14254.0,31.68,22.8,0.02407,False,0.396,False,907
cell003_cyc,NA,310,DCH,-1.408,-0.469,4320.3,3.5571,0.01968,0.01322,30.397,2299.0,0.00814,258.39,31742.9,-18.62,-11.46,0.0176,False,0.213,False,905
cell003_cyc,NA,312,CHA,1.408,0.469,4320.8,4.1062,0.02838,0.02232,27.874,1249.0,0.01592,235.94,14824.8,31.43,22.41,0.02391,False,0.375,False,908
cell003_cyc,NA,314,DCH,-1.408,-0.469,4320.4,3.5571,0.01968,0.01319,29.811,2259.9,0.00823,252.69,30716.3,-18.58,-11.58,0.01767,False,0.219,False,905
cell003_cyc,NA,316,CHA,1.408,0.469,4318.5,4.1061,0.0284,0.02238,27.88,1245.9,0.01593,237.15,14886.4,31.51,22.43,0.02383,False,0.378,False,908
cell003_cyc,NA,318,DCH,-1.408,-0.469,4320.3,3.5567,0.01971,0.01318,29.708,2254.0,0.00819,255.27,31179.4,-18.56,-11.53,0.01775,True,0.214,False,905
cell003_cyc,NA,320,CHA,1.408,0.469,4320.1,4.106,0.02827,0.02245,27.548,1227.2,0.016,236.68,14788.0,31.61,22.54,0.02415,False,0.381,False,907
cell003_cyc,NA,322,DCH,-1.408,-0.469,4320.3,3.5565,0.01951,0.0132,28.864,2186.7,0.00829,248.54,29981.6,-18.59,-11.67,0.01767,True,0.227,False,905
cell003_cyc,NA,324,CHA,1.408,0.469,4319.7,4.106,0.02806,0.02246,27.035,1203.6,0.01613,233.67,14486.2,31.63,22.71,0.02391,False,0.39,False,908
cell003_cyc,NA,326,DCH,-1.408,-0.469,4320.3,3.5563,0.01949,0.01323,28.633,2163.8,0.00834,250.73,30076.1,-18.63,-11.74,0.01767,True,0.231,False,906
cell003_cyc,NA,328,CHA,1.408,0.469,4322.1,4.1061,0.02834,0.02233,27.61,1236.4,0.01599,235.86,14746.8,31.45,22.52,0.02368,False,0.381,False,908
cell003_cyc,NA,330,DCH,-1.408,-0.469,4320.3,3.5566,0.01959,0.01311,29.369,2240.4,0.00827,251.19,30381.0,-18.46,-11.64,0.0176,False,0.221,False,905
cell003_cyc,NA,332,CHA,1.408,0.469,4317.5,4.106,0.02849,0.02234,27.813,1245.1,0.01593,236.37,14840.8,31.46,22.43,0.02415,False,0.372,False,907
cell003_cyc,NA,334,DCH,-1.408,-0.469,4320.4,3.556,0.01958,0.01317,29.38,2230.8,0.00816,253.8,31117.8,-18.55,-11.48,0.0176,False,0.219,False,905
cell003_cyc,NA,336,CHA,1.408,0.469,4321.3,4.1061,0.02786,0.02254,26.517,1176.6,0.0162,231.24,14274.6,31.74,22.81,0.02391,False,0.413,False,909
cell003_cyc,NA,338,DCH,-1.408,-0.469,4320.3,3.5561,0.0197,0.01313,29.798,2269.9,0.00811,255.27,31483.6,-18.49,-11.42,0.0176,False,0.218,False,905
cell003_cyc,NA,340,CHA,1.408,0.469,4318.5,4.106,0.02801,0.02257,26.85,1189.5,0.01612,232.82,14443.7,31.79,22.7,0.02415,False,0.4,False,907
cell003_cyc,NA,342,DCH,-1.408,-0.469,4320.4,3.5557,0.01976,0.01315,29.694,2257.7,0.0081,258.86,31974.7,-18.52,-11.4,0.01775,False,0.216,False,905
cell003_cyc,NA,344,CHA,1.408,0.469,4321.8,4.106,0.02831,0.02242,27.636,1232.9,0.01593,236.5,14849.9,31.56,22.43,0.02368,False,0.384,False,908
cell003_cyc,NA,346,DCH,-1.408,-0.469,4320.3,3.5559,0.01961,0.01315,29.444,2239.1,0.00815,257.57,31614.0,-18.52,-11.47,0.0176,False,0.218,False,905
cell003_cyc,NA,348,CHA,1.408,0.469,4319.5,4.106,0.02853,0.02232,27.924,1251.0,0.0159,236.91,14900.0,31.43,22.39,0.02423,False,0.37,False,907
cell003_cyc,NA,350,DCH,-1.408,-0.469,4320.3,3.5557,0.01971,0.01317,29.482,2238.4,0.00812,258.5,31828.0,-18.55,-11.44,0.01767,False,0.218,False,905
cell003_cyc,NA,352,CHA,1.408,0.469,4320.0,4.106,0.02822,0.02241,27.11,1209.8,0.0161,232.85,14465.4,31.55,22.67,0.02399,False,0.386,False,908
cell003_cyc,NA,354,DCH,-1.408,-0.469,4320.4,3.5555,0.01974,0.01302,29.72,2282.6,0.0081,256.89,31705.2,-18.33,-11.41,0.0176,False,0.209,False,905
cell003_cyc,NA,356,CHA,1.408,0.469,4319.3,4.1059,0.02839,0.02239,27.407,1224.2,0.01603,234.34,14615.8,31.53,22.58,0.02407,False,0.385,False,908
cell003_cyc,NA,358,DCH,-1.408,-0.469,4320.4,3.5553,0.01952,0.01317,28.551,2167.4,0.00822,254.05,30890.1,-18.55,-11.58,0.01767,True,0.225,False,905
cell003_cyc,NA,360,CHA,1.408,0.469,4320.3,4.1059,0.02844,0.02236,27.719,1239.5,0.01593,235.01,14751.9,31.49,22.43,0.02423,False,0.373,False,907
cell003_cyc,NA,362,DCH,-1.408,-0.469,4320.4,3.5552,0.01958,0.01312,28.875,2201.0,0.00816,255.96,31374.9,-18.47,-11.49,0.0176,False,0.22,False,905
cell003_cyc,NA,364,CHA,1.408,0.469,4321.4,4.106,0.02857,0.02232,27.878,1249.0,0.01588,236.65,14898.5,31.43,22.37,0.02415,False,0.375,False,907
cell003_cyc,NA,366,DCH,-1.408,-0.469,4320.4,3.5553,0.01972,0.01311,29.322,2237.3,0.00813,258.95,31870.3,-18.46,-11.44,0.01767,False,0.218,False,905
cell003_cyc,NA,368,CHA,1.408,0.469,4318.3,4.1059,0.02799,0.02256,26.499,1174.7,0.01619,232.01,14328.0,31.77,22.8,0.02383,False,0.407,False,908
cell003_cyc,NA,370,DCH,-1.408,-0.469,4320.3,3.555,0.01982,0.0131,29.724,2268.8,0.00802,263.34,32825.5,-18.45,-11.3,0.01775,False,0.212,False,905
cell003_cyc,NA,372,CHA,1.408,0.469,4320.2,4.1059,0.02836,0.02246,27.252,1213.2,0.01604,235.64,14693.3,31.63,22.58,0.02391,False,0.393,False,908
cell003_cyc,NA,374,DCH,-1.408,-0.469,4320.4,3.5548,0.01949,0.01319,28.148,2133.4,0.00821,254.75,31027.1,-18.58,-11.56,0.01767,True,0.235,False,906
cell003_cyc,NA,376,CHA,1.408,0.469,4318.9,4.1058,0.02811,0.02263,26.587,1174.8,0.01615,232.55,14400.2,31.87,22.74,0.02415,False,0.417,False,909
cell003_cyc,NA,378,DCH,-1.408,-0.469,4320.4,3.5546,0.01971,0.01313,29.292,2231.7,0.00808,264.65,32766.6,-18.48,-11.37,0.0176,False,0.218,False,905
cell003_cyc,NA,380,CHA,1.408,0.469,4322.6,4.1059,0.02864,0.02228,27.865,1250.6,0.0159,237.35,14925.7,31.38,22.39,0.02399,False,0.376,False,908
cell003_cyc,NA,382,DCH,-1.408,-0.469,4320.4,3.5548,0.01967,0.01312,29.229,2227.3,0.00807,261.4,32384.0,-18.48,-11.37,0.01767,False,0.217,False,905
cell003_cyc,NA,384,CHA,1.408,0.469,4317.9,4.1058,0.02848,0.02242,27.368,1220.5,0.01599,235.17,14710.5,31.58,22.51,0.02407,False,0.387,False,908
cell003_cyc,NA,386,DCH,-1.408,-0.469,4320.3,3.5544,0.01959,0.01317,28.609,2171.9,0.0081,259.68,32071.2,-18.55,-11.4,0.01775,True,0.226,False,905
cell003_cyc,NA,388,CHA,1.408,0.469,4320.9,4.1059,0.02819,0.02254,26.709,1184.9,0.01613,232.51,14418.2,31.74,22.71,0.02407,False,0.408,False,908
cell003_cyc,NA,390,DCH,-1.408,-0.469,4320.4,3.5544,0.01977,0.01308,29.483,2254.3,0.00799,261.84,32763.6,-18.42,-11.25,0.01767,False,0.217,False,905
cell003_cyc,NA,392,CHA,1.408,0.469,4318.8,4.1057,0.02872,0.02237,27.835,1244.5,0.01591,237.46,14927.2,31.5,22.4,0.02431,False,0.374,False,908
cell003_cyc,NA,394,DCH,-1.408,-0.469,4320.3,3.5541,0.01972,0.01313,29.214,2224.8,0.00803,264.91,32991.9,-18.49,-11.31,0.01767,False,0.222,False,905
cell003_cyc,NA,396,CHA,1.408,0.469,4321.6,4.1058,0.02858,0.0224,27.791,1240.5,0.01587,237.85,14987.0,31.55,22.35,0.02423,False,0.375,False,908
cell003_cyc,NA,398,DCH,-1.408,-0.469,4320.2,3.5543,0.01971,0.01311,29.163,2225.0,0.00803,266.13,33124.9,-18.46,-11.31,0.01775,True,0.215,False,905
cell003_cyc,NA,400,CHA,1.408,0.469,4319.5,4.1058,0.02859,0.02239,27.629,1234.2,0.01594,236.38,14829.6,31.52,22.45,0.02391,False,0.384,False,908
cell003_cyc,NA,402,DCH,-1.408,-0.469,4320.3,3.554,0.01966,0.01309,28.78,2198.2,0.00808,260.02,32166.5,-18.44,-11.38,0.01767,False,0.219,False,905
cell003_cyc,NA,404,CHA,1.408,0.469,4319.3,4.1058,0.02815,0.02259,26.43,1170.2,0.01619,231.34,14288.3,31.81,22.8,0.02439,False,0.41,False,908
cell003_cyc,NA,406,DCH,-1.408,-0.469,4320.4,3.5538,0.01975,0.01305,28.956,2218.6,0.00804,261.66,32558.2,-18.38,-11.32,0.01775,False,0.21,False,905
cell003_cyc,NA,408,CHA,1.408,0.469,4319.2,4.1057,0.02837,0.02246,26.96,1200.4,0.0161,233.11,14477.8,31.63,22.67,0.02439,False,0.389,False,907
cell003_cyc,NA,410,DCH,-1.408,-0.469,4320.4,3.5536,0.01984,0.01305,29.19,2237.3,0.00801,263.56,32906.3,-18.37,-11.28,0.01775,False,0.212,False,905
cell003_cyc,NA,412,CHA,1.408,0.469,4320.5,4.1057,0.02824,0.02251,26.653,1184.2,0.01613,231.3,14335.7,31.69,22.72,0.02415,False,0.399,False,908
cell003_cyc,NA,414,DCH,-1.408,-0.469,4320.3,3.5536,0.01979,0.01303,29.179,2239.8,0.008,264.49,33062.4,-18.34,-11.26,0.01767,False,0.213,False,905
cell003_cyc,NA,416,CHA,1.408,0.469,4321.7,4.1058,0.02823,0.02254,26.59,1179.5,0.01614,232.5,14407.1,31.75,22.72,0.02447,False,0.408,False,908
cell003_cyc,NA,418,DCH,-1.408,-0.469,4320.4,3.5537,0.01975,0.01307,28.95,2214.2,0.00801,264.97,33061.2,-18.41,-11.29,0.01775,False,0.215,False,905
cell003_cyc,NA,420,CHA,1.408,0.469,4318.2,4.1056,0.02846,0.02253,27.076,1202.0,0.01604,235.36,14672.4,31.72,22.59,0.02415,False,0.397,False,908
cell003_cyc,NA,422,DCH,-1.408,-0.469,4320.4,3.5533,0.01979,0.01303,29.021,2227.4,0.00799,266.42,33338.2,-18.35,-11.25,0.01767,False,0.209,False,905
cell003_cyc,NA,424,CHA,1.408,0.469,4320.4,4.1056,0.02846,0.0225,27.199,1208.7,0.016,236.35,14768.1,31.69,22.54,0.02407,False,0.396,False,908
cell003_cyc,NA,426,DCH,-1.408,-0.469,4320.3,3.5532,0.01953,0.01312,27.77,2116.2,0.00815,257.99,31642.6,-18.48,-11.48,0.01775,True,0.225,False,906
cell003_cyc,NA,428,CHA,1.408,0.469,4319.0,4.1055,0.02874,0.02241,27.777,1239.5,0.01587,237.69,14978.4,31.56,22.35,0.02407,False,0.381,False,908
cell003_cyc,NA,430,DCH,-1.408,-0.469,4320.3,3.553,0.01976,0.01306,28.81,2205.1,0.00801,266.61,33295.7,-18.4,-11.28,0.01775,False,0.213,False,905
cell003_cyc,NA,432,CHA,1.408,0.469,4322.5,4.1057,0.02833,0.0225,26.624,1183.0,0.01612,232.14,14400.4,31.69,22.7,0.02431,False,0.404,False,908
cell003_cyc,NA,434,DCH,-1.408,-0.469,4320.4,3.5533,0.01975,0.01303,28.938,2221.6,0.00805,265.0,32918.6,-18.34,-11.34,0.01775,False,0.212,False,905
cell003_cyc,NA,436,CHA,1.408,0.469,4318.3,4.1056,0.02847,0.02248,26.863,1194.9,0.0161,232.78,14461.7,31.66,22.67,0.02415,False,0.398,False,908
cell003_cyc,NA,438,DCH,-1.408,-0.469,4320.3,3.5529,0.01952,0.01315,27.595,2098.0,0.00812,257.32,31680.6,-18.52,-11.44,0.01775,True,0.23,False,906
cell003_cyc,NA,440,CHA,1.408,0.469,4320.8,4.1057,0.02819,0.0226,26.236,1160.7,0.01621,231.84,14306.5,31.83,22.82,0.02415,False,0.424,False,908
cell003_cyc,NA,442,DCH,-1.408,-0.469,4320.4,3.5528,0.01975,0.01305,28.612,2192.9,0.00798,262.55,32891.4,-18.37,-11.24,0.01775,False,0.214,False,905
cell003_cyc,NA,444,CHA,1.408,0.469,4318.6,4.1055,0.02887,0.02241,27.837,1242.4,0.01587,238.11,15000.4,31.55,22.35,0.02431,False,0.38,False,908
cell003_cyc,NA,446,DCH,-1.408,-0.469,4320.4,3.5526,0.01975,0.01307,28.594,2188.1,0.00803,266.45,33193.1,-18.4,-11.3,0.01775,False,0.219,False,905
cell003_cyc,NA,448,CHA,1.408,0.469,4321.2,4.1055,0.02861,0.02251,27.249,1210.4,0.01596,235.55,14757.2,31.7,22.48,0.0247,False,0.386,False,907
cell003_cyc,NA,450,DCH,-1.408,-0.469,4320.3,3.5527,0.01977,0.01301,28.887,2221.1,0.00799,269.58,33751.9,-18.31,-11.25,0.01767,False,0.209,False,905
cell003_cyc,NA,452,CHA,1.408,0.469,4319.7,4.1056,0.02822,0.02254,26.269,1165.5,0.01621,230.51,14224.0,31.74,22.82,0.02407,False,0.419,False,908
cell003_cyc,NA,454,DCH,-1.408,-0.469,4320.3,3.5526,0.0198,0.013,28.702,2207.7,0.00801,266.58,33262.8,-18.31,-11.29,0.01775,False,0.21,False,905
cell003_cyc,NA,456,CHA,1.408,0.469,4319.9,4.1055,0.02881,0.02239,27.564,1231.3,0.01593,237.63,14919.2,31.52,22.43,0.02431,False,0.382,False,908
cell003_cyc,NA,458,DCH,-1.408,-0.469,4320.4,3.5524,0.01963,0.01305,27.72,2124.3,0.00809,259.27,32048.3,-18.38,-11.39,0.01767,True,0.217,False,905
cell003_cyc,NA,460,CHA,1.408,0.469,4319.1,4.1054,0.02854,0.0225,26.799,1191.0,0.01611,233.83,14513.1,31.69,22.69,0.02447,False,0.4,False,908
cell003_cyc,NA,462,DCH,-1.408,-0.469,4320.3,3.5522,0.01987,0.01302,28.661,2201.7,0.00798,267.44,33522.8,-18.33,-11.23,0.01775,False,0.211,False,905
cell003_cyc,NA,464,CHA,1.408,0.469,4318.5,4.1053,0.02861,0.02249,26.976,1199.4,0.01605,233.84,14572.8,31.67,22.6,0.02431,False,0.395,False,908
cell003_cyc,NA,466,DCH,-1.408,-0.469,4320.3,3.5534,0.02025,0.01434,35.448,2472.5,0.00728,442.23,60745.3,-20.19,-10.25,0.01775,False,0.253,False,1509
